1581789958|2020-02-15 19:05:58|JOIN #ot|wonderwoman|
1581789960|2020-02-15 19:06:00|PING :75D5D5|75D5D5|
1581789960|2020-02-15 19:06:00|PONG :75D5D5|wonderwoman|75D5D5
1581789960|2020-02-15 19:06:00|JOIN #ot|wonderwoman|
1581789960|2020-02-15 19:06:00||:hugoboss2000.no-ip.biz 001 wonderwoman :Welcome to the devserv IRC Network wonderwoman!wonderwoma@compalhub.home
:hugoboss2000.no-ip.biz 002 wonderwoman :Your host is hugoboss2000.no-ip.biz, running version UnrealIRCd-4.2.4.1
:hugoboss2000.no-ip.biz 003 wonderwoman :This server was created Mon Oct 7 2019 at 18:55:38 CEST
:hugoboss2000.no-ip.biz 004 wonderwoman hugoboss2000.no-ip.biz UnrealIRCd-4.2.4.1 iowrsxzdHtIDZRqpWGTSB lvhopsmntikraqbeIzMQNRTOVKDdGLPZSCcf
:hugoboss2000.no-ip.biz 005 wonderwoman AWAYLEN=307 CASEMAPPING=ascii CHANLIMIT=#:10 CHANMODES=beI,kLf,l,psmntirzMQNRTOVKDdGPZSCc CHANNELLEN=32 CHANTYPES=# DEAF=d ELIST=MNUCT EXCEPTS EXTBAN=~,tmTSOcaRrnqj HCN INVEX :are supported by this server
:hugoboss2000.no-ip.biz 005 wonderwoman KICKLEN=307 KNOCK MAP MAXCHANNELS=10 MAXLIST=b:60,e:60,I:60 MAXNICKLEN=30 MODES=12 NAMESX NETWORK=devserv NICKLEN=30 PREFIX=(qaohv)~&@%+ QUITLEN=307 :are supported by this server
:hugoboss2000.no-ip.biz 005 wonderwoman SAFELIST SILENCE=15 STATUSMSG=~&@%+ TARGMAX=DCC||hugoboss2000.no-ip.biz 001 wonderwoman||Welcome to the devserv IRC Network wonderwoman!wonderwoma@compalhub.home
:hugoboss2000.no-ip.biz 002 wonderwoman :Your host is hugoboss2000.no-ip.biz, running version UnrealIRCd-4.2.4.1
:hugoboss2000.no-ip.biz 003 wonderwoman :This server was created Mon Oct 7 2019 at 18:55:38 CEST
:hugoboss2000.no-ip.biz 004 wonderwoman hugoboss2000.no-ip.biz UnrealIRCd-4.2.4.1 iowrsxzdHtIDZRqpWGTSB lvhopsmntikraqbeIzMQNRTOVKDdGLPZSCcf
:hugoboss2000.no-ip.biz 005 wonderwoman AWAYLEN=307 CASEMAPPING=ascii CHANLIMIT=#:10 CHANMODES=beI,kLf,l,psmntirzMQNRTOVKDdGPZSCc CHANNELLEN=32 CHANTYPES=# DEAF=d ELIST=MNUCT EXCEPTS EXTBAN=~,tmTSOcaRrnqj HCN INVEX :are supported by this server
:hugoboss2000.no-ip.biz 005 wonderwoman KICKLEN=307 KNOCK MAP MAXCHANNELS=10 MAXLIST=b:60,e:60,I:60 MAXNICKLEN=30 MODES=12 NAMESX NETWORK=devserv NICKLEN=30 PREFIX=(qaohv)~&@%+ QUITLEN=307 :are supported by this server
:hugoboss2000.no-ip.biz 005 wonderwoman SAFELIST SILENCE=15 STATUSMSG=~&@%+ TARGMAX=DCC|
1581789960|2020-02-15 19:06:00|PONG 001|wonderwoman|
1581789960|2020-02-15 19:06:00||LOW:,ISON:,JOIN:,KICK:4,KILL:,LIST:,NAMES:1,NOTICE:1,PART:,PRIVMSG:4,SAJOIN:,SAPART:,USERHOST:,USERIP:,WATCH:,WHOIS:1,WHOWAS:1 TOPICLEN=360 UHNAMES USERIP WALLCHOPS WATCH=128 WATCHOPTS=A :are supported by this server
:hugoboss2000.no-ip.biz 396 wonderwoman Clk-CAEB9374.home :is now your displayed host
:hugoboss2000.no-ip.biz 251 wonderwoman :There are 1 users and 2 invisible on 1 servers
:hugoboss2000.no-ip.biz 254 wonderwoman 1 :channels formed
:hugoboss2000.no-ip.biz 255 wonderwoman :I have 3 clients and 0 servers
:hugoboss2000.no-ip.biz 265 wonderwoman 3 5 :Current local users 3, max 5
:hugoboss2000.no-ip.biz 266 wonderwoman 3 3 :Current global users 3, max 3
:hugoboss2000.no-ip.biz 375 wonderwoman :- hugoboss2000.no-ip.biz Message of the Day - 
:hugoboss2000.no-ip.biz 372 wonderwoman :- 9/2/2020 17:20
:hugoboss2000.no-ip.biz 372 wonderwoman :- #################################################################
:hugoboss2000.no-ip.biz 372 wonderwoman :- #       #####   ######  #   #  #####  #####||,ISON||,JOIN:,KICK:4,KILL:,LIST:,NAMES:1,NOTICE:1,PART:,PRIVMSG:4,SAJOIN:,SAPART:,USERHOST:,USERIP:,WATCH:,WHOIS:1,WHOWAS:1 TOPICLEN=360 UHNAMES USERIP WALLCHOPS WATCH=128 WATCHOPTS=A :are supported by this server
:hugoboss2000.no-ip.biz 396 wonderwoman Clk-CAEB9374.home :is now your displayed host
:hugoboss2000.no-ip.biz 251 wonderwoman :There are 1 users and 2 invisible on 1 servers
:hugoboss2000.no-ip.biz 254 wonderwoman 1 :channels formed
:hugoboss2000.no-ip.biz 255 wonderwoman :I have 3 clients and 0 servers
:hugoboss2000.no-ip.biz 265 wonderwoman 3 5 :Current local users 3, max 5
:hugoboss2000.no-ip.biz 266 wonderwoman 3 3 :Current global users 3, max 3
:hugoboss2000.no-ip.biz 375 wonderwoman :- hugoboss2000.no-ip.biz Message of the Day - 
:hugoboss2000.no-ip.biz 372 wonderwoman :- 9/2/2020 17:20
:hugoboss2000.no-ip.biz 372 wonderwoman :- #################################################################
:hugoboss2000.no-ip.biz 372 wonderwoman :- #       #####   ######  #   #  #####  #####|
1581789960|2020-02-15 19:06:00||#####  #   #       #
:hugoboss2000.no-ip.biz 372 wonderwoman :- #       #   ##  #       #   #  #      #      #   #  #   #       #
:hugoboss2000.no-ip.biz 372 wonderwoman :- #       #    #  ###      # #   #####  ###    #####   # #        #
:hugoboss2000.no-ip.biz 372 wonderwoman :- #       #   ##  #        # #       #  #      # #     # #        #
:hugoboss2000.no-ip.biz 372 wonderwoman :- #       #####   ######    #    #####  #####  #  #     #         #
:hugoboss2000.no-ip.biz 372 wonderwoman :- #################################################################
:hugoboss2000.no-ip.biz 376 wonderwoman :End of /MOTD command.
:wonderwoman MODE wonderwoman :+iwx
:wonderwoman!wonderwoma@Clk-CAEB9374.home JOIN :#ot
:hugoboss2000.no-ip.biz 353 wonderwoman = #ot :wonderwoman mov alex 
:hugoboss2000.no-ip.biz 366 wonderwoman #ot :End of /NAMES list.||hugoboss2000.no-ip.biz 372 wonderwoman||- #       #   ##  #       #   #  #      #      #   #  #   #       #
:hugoboss2000.no-ip.biz 372 wonderwoman :- #       #    #  ###      # #   #####  ###    #####   # #        #
:hugoboss2000.no-ip.biz 372 wonderwoman :- #       #   ##  #        # #       #  #      # #     # #        #
:hugoboss2000.no-ip.biz 372 wonderwoman :- #       #####   ######    #    #####  #####  #  #     #         #
:hugoboss2000.no-ip.biz 372 wonderwoman :- #################################################################
:hugoboss2000.no-ip.biz 376 wonderwoman :End of /MOTD command.
:wonderwoman MODE wonderwoman :+iwx
:wonderwoman!wonderwoma@Clk-CAEB9374.home JOIN :#ot
:hugoboss2000.no-ip.biz 353 wonderwoman = #ot :wonderwoman mov alex 
:hugoboss2000.no-ip.biz 366 wonderwoman #ot :End of /NAMES list.|
1581789966|2020-02-15 19:06:06|:trace!trace@808C1ED8.3DE4ED8E.3DD7867D.IP JOIN :#ot|trace|#ot
1581790002|2020-02-15 19:06:42|:alex!trace@808C1ED8.3DE4ED8E.3DD7867D.IP QUIT :Quit: Leaving|alex|Quit: Leaving
1581790020|2020-02-15 19:07:00|:alex!trace@808C1ED8.3DE4ED8E.3DD7867D.IP JOIN :#ot|alex|#ot
1581790042|2020-02-15 19:07:22|:alex!trace@808C1ED8.3DE4ED8E.3DD7867D.IP PRIVMSG #ot :!messages|alex|!messages
1581790042|2020-02-15 19:07:22|PRIVMSG #ot :nothing from user anyone to user trace|wonderwoman|nothing from user anyone to user trace
1581790046|2020-02-15 19:07:26|:alex!trace@808C1ED8.3DE4ED8E.3DD7867D.IP PRIVMSG #ot :!bitcoin|alex|!bitcoin
1583144772|2020-03-02 11:26:12|JOIN #ot|wonderwoman|
1583144773|2020-03-02 11:26:13|PING :644583F|644583F|
1583144773|2020-03-02 11:26:13|PONG :644583F|wonderwoman|644583F
1583144773|2020-03-02 11:26:13|JOIN #ot|wonderwoman|
1583144773|2020-03-02 11:26:13|:hugoboss2000.no-ip.biz 001 wonderwoman :Welcome to the devserv IRC Network wonderwoman!wonderwoma@compalhub.home|hugoboss2000.no-ip.biz 001 wonderwoman|Welcome to the devserv IRC Network wonderwoman!wonderwoma@compalhub.home
1583144773|2020-03-02 11:26:13||:hugoboss2000.no-ip.biz 002 wonderwoman :Your host is hugoboss2000.no-ip.biz, running version UnrealIRCd-4.2.4.1
:hugoboss2000.no-ip.biz 003 wonderwoman :This server was created Mon Oct 7 2019 at 18:55:38 CEST
:hugoboss2000.no-ip.biz 004 wonderwoman hugoboss2000.no-ip.biz UnrealIRCd-4.2.4.1 iowrsxzdHtIDZRqpWGTSB lvhopsmntikraqbeIzMQNRTOVKDdGLPZSCcf
:hugoboss2000.no-ip.biz 005 wonderwoman AWAYLEN=307 CASEMAPPING=ascii CHANLIMIT=#:10 CHANMODES=beI,kLf,l,psmntirzMQNRTOVKDdGPZSCc CHANNELLEN=32 CHANTYPES=# DEAF=d ELIST=MNUCT EXCEPTS EXTBAN=~,tmTSOcaRrnqj HCN INVEX :are supported by this server
:hugoboss2000.no-ip.biz 005 wonderwoman KICKLEN=307 KNOCK MAP MAXCHANNELS=10 MAXLIST=b:60,e:60,I:60 MAXNICKLEN=30 MODES=12 NAMESX NETWORK=devserv NICKLEN=30 PREFIX=(qaohv)~&@%+ QUITLEN=307 :are supported by this server
:hugoboss2000.no-ip.biz 005 wonderwoman SAFELIST SILENCE=15 STATUSMSG=~&@%+ TARGMAX=DCCALLOW:,ISON:,JOIN:,KICK:4,KILL:,LIST:,NAMES:1,NOTICE:1,PART:,PRIVMSG:4,SAJOIN:,SAPART:,USERHOST:,USERIP:,WATCH:,WHO||hugoboss2000.no-ip.biz 002 wonderwoman||Your host is hugoboss2000.no-ip.biz, running version UnrealIRCd-4.2.4.1
:hugoboss2000.no-ip.biz 003 wonderwoman :This server was created Mon Oct 7 2019 at 18:55:38 CEST
:hugoboss2000.no-ip.biz 004 wonderwoman hugoboss2000.no-ip.biz UnrealIRCd-4.2.4.1 iowrsxzdHtIDZRqpWGTSB lvhopsmntikraqbeIzMQNRTOVKDdGLPZSCcf
:hugoboss2000.no-ip.biz 005 wonderwoman AWAYLEN=307 CASEMAPPING=ascii CHANLIMIT=#:10 CHANMODES=beI,kLf,l,psmntirzMQNRTOVKDdGPZSCc CHANNELLEN=32 CHANTYPES=# DEAF=d ELIST=MNUCT EXCEPTS EXTBAN=~,tmTSOcaRrnqj HCN INVEX :are supported by this server
:hugoboss2000.no-ip.biz 005 wonderwoman KICKLEN=307 KNOCK MAP MAXCHANNELS=10 MAXLIST=b:60,e:60,I:60 MAXNICKLEN=30 MODES=12 NAMESX NETWORK=devserv NICKLEN=30 PREFIX=(qaohv)~&@%+ QUITLEN=307 :are supported by this server
:hugoboss2000.no-ip.biz 005 wonderwoman SAFELIST SILENCE=15 STATUSMSG=~&@%+ TARGMAX=DCCALLOW:,ISON:,JOIN:,KICK:4,KILL:,LIST:,NAMES:1,NOTICE:1,PART:,PRIVMSG:4,SAJOIN:,SAPART:,USERHOST:,USERIP:,WATCH:,WHO|
1583144773|2020-03-02 11:26:13|PONG 002|wonderwoman|
1583144773|2020-03-02 11:26:13||:1,WHOWAS:1 TOPICLEN=360 UHNAMES USERIP WALLCHOPS WATCH=128 WATCHOPTS=A :are supported by this server
:hugoboss2000.no-ip.biz 396 wonderwoman Clk-CAEB9374.home :is now your displayed host
:hugoboss2000.no-ip.biz 251 wonderwoman :There are 1 users and 1 invisible on 1 servers
:hugoboss2000.no-ip.biz 254 wonderwoman 1 :channels formed
:hugoboss2000.no-ip.biz 255 wonderwoman :I have 2 clients and 0 servers
:hugoboss2000.no-ip.biz 265 wonderwoman 2 5 :Current local users 2, max 5
:hugoboss2000.no-ip.biz 266 wonderwoman 2 2 :Current global users 2, max 2
:hugoboss2000.no-ip.biz 375 wonderwoman :- hugoboss2000.no-ip.biz Message of the Day - 
:hugoboss2000.no-ip.biz 372 wonderwoman :- 9/2/2020 17:20
:hugoboss2000.no-ip.biz 372 wonderwoman :- #################################################################
:hugoboss2000.no-ip.biz 372 wonderwoman :- #       #####   ######  #   #  #####  #####  #####  #   #       #
:hugoboss2000.no-ip.biz 372 wonderwoman :- #       #   ##  #       #   #  #      #      #||1,WHOWAS||1 TOPICLEN=360 UHNAMES USERIP WALLCHOPS WATCH=128 WATCHOPTS=A :are supported by this server
:hugoboss2000.no-ip.biz 396 wonderwoman Clk-CAEB9374.home :is now your displayed host
:hugoboss2000.no-ip.biz 251 wonderwoman :There are 1 users and 1 invisible on 1 servers
:hugoboss2000.no-ip.biz 254 wonderwoman 1 :channels formed
:hugoboss2000.no-ip.biz 255 wonderwoman :I have 2 clients and 0 servers
:hugoboss2000.no-ip.biz 265 wonderwoman 2 5 :Current local users 2, max 5
:hugoboss2000.no-ip.biz 266 wonderwoman 2 2 :Current global users 2, max 2
:hugoboss2000.no-ip.biz 375 wonderwoman :- hugoboss2000.no-ip.biz Message of the Day - 
:hugoboss2000.no-ip.biz 372 wonderwoman :- 9/2/2020 17:20
:hugoboss2000.no-ip.biz 372 wonderwoman :- #################################################################
:hugoboss2000.no-ip.biz 372 wonderwoman :- #       #####   ######  #   #  #####  #####  #####  #   #       #
:hugoboss2000.no-ip.biz 372 wonderwoman :- #       #   ##  #       #   #  #      #      #|
1583144773|2020-03-02 11:26:13||#   #       #
:hugoboss2000.no-ip.biz 372 wonderwoman :- #       #    #  ###      # #   #####  ###    #####   # #        #
:hugoboss2000.no-ip.biz 372 wonderwoman :- #       #   ##  #        # #       #  #      # #     # #        #
:hugoboss2000.no-ip.biz 372 wonderwoman :- #       #####   ######    #    #####  #####  #  #     #         #
:hugoboss2000.no-ip.biz 372 wonderwoman :- #################################################################
:hugoboss2000.no-ip.biz 376 wonderwoman :End of /MOTD command.
:wonderwoman MODE wonderwoman :+iwx
:wonderwoman!wonderwoma@Clk-CAEB9374.home JOIN :#ot
:hugoboss2000.no-ip.biz 353 wonderwoman = #ot :wonderwoman @trace 
:hugoboss2000.no-ip.biz 366 wonderwoman #ot :End of /NAMES list.||hugoboss2000.no-ip.biz 372 wonderwoman||- #       #    #  ###      # #   #####  ###    #####   # #        #
:hugoboss2000.no-ip.biz 372 wonderwoman :- #       #   ##  #        # #       #  #      # #     # #        #
:hugoboss2000.no-ip.biz 372 wonderwoman :- #       #####   ######    #    #####  #####  #  #     #         #
:hugoboss2000.no-ip.biz 372 wonderwoman :- #################################################################
:hugoboss2000.no-ip.biz 376 wonderwoman :End of /MOTD command.
:wonderwoman MODE wonderwoman :+iwx
:wonderwoman!wonderwoma@Clk-CAEB9374.home JOIN :#ot
:hugoboss2000.no-ip.biz 353 wonderwoman = #ot :wonderwoman @trace 
:hugoboss2000.no-ip.biz 366 wonderwoman #ot :End of /NAMES list.|
1583144779|2020-03-02 11:26:19|PRIVMSG #ot :nothing from user anyone to user hugoboss2000.no-ip.biz 372 wonderwoman|wonderwoman|nothing from user anyone to user hugoboss2000.no-ip.biz 372 wonderwoman
1583144869|2020-03-02 11:27:49|PING :hugoboss2000.no-ip.biz|hugoboss2000.no-ip.biz|
1583144869|2020-03-02 11:27:49|PONG :hugoboss2000.no-ip.biz|wonderwoman|hugoboss2000.no-ip.biz
1583144959|2020-03-02 11:29:19|PING :hugoboss2000.no-ip.biz|hugoboss2000.no-ip.biz|
1583144959|2020-03-02 11:29:19|PONG :hugoboss2000.no-ip.biz|wonderwoman|hugoboss2000.no-ip.biz
1583145049|2020-03-02 11:30:49|PING :hugoboss2000.no-ip.biz|hugoboss2000.no-ip.biz|
1583145049|2020-03-02 11:30:49|PONG :hugoboss2000.no-ip.biz|wonderwoman|hugoboss2000.no-ip.biz
1583145139|2020-03-02 11:32:19|PING :hugoboss2000.no-ip.biz|hugoboss2000.no-ip.biz|
1583145139|2020-03-02 11:32:19|PONG :hugoboss2000.no-ip.biz|wonderwoman|hugoboss2000.no-ip.biz
1583145229|2020-03-02 11:33:49|PING :hugoboss2000.no-ip.biz|hugoboss2000.no-ip.biz|
1583145229|2020-03-02 11:33:49|PONG :hugoboss2000.no-ip.biz|wonderwoman|hugoboss2000.no-ip.biz
1583145319|2020-03-02 11:35:19|PING :hugoboss2000.no-ip.biz|hugoboss2000.no-ip.biz|
1583145319|2020-03-02 11:35:19|PONG :hugoboss2000.no-ip.biz|wonderwoman|hugoboss2000.no-ip.biz
1583145409|2020-03-02 11:36:49|PING :hugoboss2000.no-ip.biz|hugoboss2000.no-ip.biz|
1583145409|2020-03-02 11:36:49|PONG :hugoboss2000.no-ip.biz|wonderwoman|hugoboss2000.no-ip.biz
1583145499|2020-03-02 11:38:19|PING :hugoboss2000.no-ip.biz|hugoboss2000.no-ip.biz|
1583145499|2020-03-02 11:38:19|PONG :hugoboss2000.no-ip.biz|wonderwoman|hugoboss2000.no-ip.biz
1583145589|2020-03-02 11:39:49|PING :hugoboss2000.no-ip.biz|hugoboss2000.no-ip.biz|
1583145589|2020-03-02 11:39:49|PONG :hugoboss2000.no-ip.biz|wonderwoman|hugoboss2000.no-ip.biz
1583145679|2020-03-02 11:41:19|PING :hugoboss2000.no-ip.biz|hugoboss2000.no-ip.biz|
1583145679|2020-03-02 11:41:19|PONG :hugoboss2000.no-ip.biz|wonderwoman|hugoboss2000.no-ip.biz
1583145769|2020-03-02 11:42:49|PING :hugoboss2000.no-ip.biz|hugoboss2000.no-ip.biz|
1583145769|2020-03-02 11:42:49|PONG :hugoboss2000.no-ip.biz|wonderwoman|hugoboss2000.no-ip.biz
1583145859|2020-03-02 11:44:19|PING :hugoboss2000.no-ip.biz|hugoboss2000.no-ip.biz|
1583145859|2020-03-02 11:44:19|PONG :hugoboss2000.no-ip.biz|wonderwoman|hugoboss2000.no-ip.biz
1583145949|2020-03-02 11:45:49|PING :hugoboss2000.no-ip.biz|hugoboss2000.no-ip.biz|
1583145949|2020-03-02 11:45:49|PONG :hugoboss2000.no-ip.biz|wonderwoman|hugoboss2000.no-ip.biz
1583146039|2020-03-02 11:47:19|PING :hugoboss2000.no-ip.biz|hugoboss2000.no-ip.biz|
1583146039|2020-03-02 11:47:19|PONG :hugoboss2000.no-ip.biz|wonderwoman|hugoboss2000.no-ip.biz
1583146129|2020-03-02 11:48:49|PING :hugoboss2000.no-ip.biz|hugoboss2000.no-ip.biz|
1583146129|2020-03-02 11:48:49|PONG :hugoboss2000.no-ip.biz|wonderwoman|hugoboss2000.no-ip.biz
1583146219|2020-03-02 11:50:19|PING :hugoboss2000.no-ip.biz|hugoboss2000.no-ip.biz|
1583146219|2020-03-02 11:50:19|PONG :hugoboss2000.no-ip.biz|wonderwoman|hugoboss2000.no-ip.biz
1583146309|2020-03-02 11:51:49|PING :hugoboss2000.no-ip.biz|hugoboss2000.no-ip.biz|
1583146309|2020-03-02 11:51:49|PONG :hugoboss2000.no-ip.biz|wonderwoman|hugoboss2000.no-ip.biz
1583146399|2020-03-02 11:53:19|PING :hugoboss2000.no-ip.biz|hugoboss2000.no-ip.biz|
1583146399|2020-03-02 11:53:19|PONG :hugoboss2000.no-ip.biz|wonderwoman|hugoboss2000.no-ip.biz
1583146489|2020-03-02 11:54:49|PING :hugoboss2000.no-ip.biz|hugoboss2000.no-ip.biz|
1583146489|2020-03-02 11:54:49|PONG :hugoboss2000.no-ip.biz|wonderwoman|hugoboss2000.no-ip.biz
1583146579|2020-03-02 11:56:19|PING :hugoboss2000.no-ip.biz|hugoboss2000.no-ip.biz|
1583146579|2020-03-02 11:56:19|PONG :hugoboss2000.no-ip.biz|wonderwoman|hugoboss2000.no-ip.biz
1583146669|2020-03-02 11:57:49|PING :hugoboss2000.no-ip.biz|hugoboss2000.no-ip.biz|
1583146669|2020-03-02 11:57:49|PONG :hugoboss2000.no-ip.biz|wonderwoman|hugoboss2000.no-ip.biz
1583146759|2020-03-02 11:59:19|PING :hugoboss2000.no-ip.biz|hugoboss2000.no-ip.biz|
1583146759|2020-03-02 11:59:19|PONG :hugoboss2000.no-ip.biz|wonderwoman|hugoboss2000.no-ip.biz
1583146849|2020-03-02 12:00:49|PING :hugoboss2000.no-ip.biz|hugoboss2000.no-ip.biz|
1583146849|2020-03-02 12:00:49|PONG :hugoboss2000.no-ip.biz|wonderwoman|hugoboss2000.no-ip.biz
1583146939|2020-03-02 12:02:19|PING :hugoboss2000.no-ip.biz|hugoboss2000.no-ip.biz|
1583146939|2020-03-02 12:02:19|PONG :hugoboss2000.no-ip.biz|wonderwoman|hugoboss2000.no-ip.biz
1583147029|2020-03-02 12:03:49|PING :hugoboss2000.no-ip.biz|hugoboss2000.no-ip.biz|
1583147029|2020-03-02 12:03:49|PONG :hugoboss2000.no-ip.biz|wonderwoman|hugoboss2000.no-ip.biz
1583147119|2020-03-02 12:05:19|PING :hugoboss2000.no-ip.biz|hugoboss2000.no-ip.biz|
1583147119|2020-03-02 12:05:19|PONG :hugoboss2000.no-ip.biz|wonderwoman|hugoboss2000.no-ip.biz
1583147209|2020-03-02 12:06:49|PING :hugoboss2000.no-ip.biz|hugoboss2000.no-ip.biz|
1583147209|2020-03-02 12:06:49|PONG :hugoboss2000.no-ip.biz|wonderwoman|hugoboss2000.no-ip.biz
1583147299|2020-03-02 12:08:19|PING :hugoboss2000.no-ip.biz|hugoboss2000.no-ip.biz|
1583147299|2020-03-02 12:08:19|PONG :hugoboss2000.no-ip.biz|wonderwoman|hugoboss2000.no-ip.biz
1583147389|2020-03-02 12:09:49|PING :hugoboss2000.no-ip.biz|hugoboss2000.no-ip.biz|
1583147389|2020-03-02 12:09:49|PONG :hugoboss2000.no-ip.biz|wonderwoman|hugoboss2000.no-ip.biz
1583147666|2020-03-02 12:14:26|JOIN #ot|wonderwoman|
1583147668|2020-03-02 12:14:28|PING :A81F4B50|A81F4B50|
1583147668|2020-03-02 12:14:28|PONG :A81F4B50|wonderwoman|A81F4B50
1583147668|2020-03-02 12:14:28|JOIN #ot|wonderwoman|
1583147668|2020-03-02 12:14:28|:hugoboss2000.no-ip.biz 001 wonderwoman :Welcome to the devserv IRC Network wonderwoman!wonderwoma@compalhub.home|hugoboss2000.no-ip.biz 001 wonderwoman|Welcome to the devserv IRC Network wonderwoman!wonderwoma@compalhub.home
1583147668|2020-03-02 12:14:28||:hugoboss2000.no-ip.biz 002 wonderwoman :Your host is hugoboss2000.no-ip.biz, running version UnrealIRCd-4.2.4.1
:hugoboss2000.no-ip.biz 003 wonderwoman :This server was created Mon Oct 7 2019 at 18:55:38 CEST
:hugoboss2000.no-ip.biz 004 wonderwoman hugoboss2000.no-ip.biz UnrealIRCd-4.2.4.1 iowrsxzdHtIDZRqpWGTSB lvhopsmntikraqbeIzMQNRTOVKDdGLPZSCcf
:hugoboss2000.no-ip.biz 005 wonderwoman AWAYLEN=307 CASEMAPPING=ascii CHANLIMIT=#:10 CHANMODES=beI,kLf,l,psmntirzMQNRTOVKDdGPZSCc CHANNELLEN=32 CHANTYPES=# DEAF=d ELIST=MNUCT EXCEPTS EXTBAN=~,tmTSOcaRrnqj HCN INVEX :are supported by this server
:hugoboss2000.no-ip.biz 005 wonderwoman KICKLEN=307 KNOCK MAP MAXCHANNELS=10 MAXLIST=b:60,e:60,I:60 MAXNICKLEN=30 MODES=12 NAMESX NETWORK=devserv NICKLEN=30 PREFIX=(qaohv)~&@%+ QUITLEN=307 :are supported by this server
:hugoboss2000.no-ip.biz 005 wonderwoman SAFELIST SILENCE=15 STATUSMSG=~&@%+ TARGMAX=DCCALLOW:,ISON:,JOIN:,KICK:4,KILL:,LIST:,NAMES:1,NOTICE:1,PART:,PRIVMSG:4,SAJOIN:,SAPART:,USERHOST:,USERIP:,WATCH:,WHO||hugoboss2000.no-ip.biz 002 wonderwoman||Your host is hugoboss2000.no-ip.biz, running version UnrealIRCd-4.2.4.1
:hugoboss2000.no-ip.biz 003 wonderwoman :This server was created Mon Oct 7 2019 at 18:55:38 CEST
:hugoboss2000.no-ip.biz 004 wonderwoman hugoboss2000.no-ip.biz UnrealIRCd-4.2.4.1 iowrsxzdHtIDZRqpWGTSB lvhopsmntikraqbeIzMQNRTOVKDdGLPZSCcf
:hugoboss2000.no-ip.biz 005 wonderwoman AWAYLEN=307 CASEMAPPING=ascii CHANLIMIT=#:10 CHANMODES=beI,kLf,l,psmntirzMQNRTOVKDdGPZSCc CHANNELLEN=32 CHANTYPES=# DEAF=d ELIST=MNUCT EXCEPTS EXTBAN=~,tmTSOcaRrnqj HCN INVEX :are supported by this server
:hugoboss2000.no-ip.biz 005 wonderwoman KICKLEN=307 KNOCK MAP MAXCHANNELS=10 MAXLIST=b:60,e:60,I:60 MAXNICKLEN=30 MODES=12 NAMESX NETWORK=devserv NICKLEN=30 PREFIX=(qaohv)~&@%+ QUITLEN=307 :are supported by this server
:hugoboss2000.no-ip.biz 005 wonderwoman SAFELIST SILENCE=15 STATUSMSG=~&@%+ TARGMAX=DCCALLOW:,ISON:,JOIN:,KICK:4,KILL:,LIST:,NAMES:1,NOTICE:1,PART:,PRIVMSG:4,SAJOIN:,SAPART:,USERHOST:,USERIP:,WATCH:,WHO|
1583147668|2020-03-02 12:14:28|PONG 002|wonderwoman|
1583147668|2020-03-02 12:14:28||:1,WHOWAS:1 TOPICLEN=360 UHNAMES USERIP WALLCHOPS WATCH=128 WATCHOPTS=A :are supported by this server
:hugoboss2000.no-ip.biz 396 wonderwoman Clk-CAEB9374.home :is now your displayed host
:hugoboss2000.no-ip.biz 251 wonderwoman :There are 1 users and 1 invisible on 1 servers
:hugoboss2000.no-ip.biz 254 wonderwoman 1 :channels formed
:hugoboss2000.no-ip.biz 255 wonderwoman :I have 2 clients and 0 servers
:hugoboss2000.no-ip.biz 265 wonderwoman 2 5 :Current local users 2, max 5
:hugoboss2000.no-ip.biz 266 wonderwoman 2 2 :Current global users 2, max 2
:hugoboss2000.no-ip.biz 375 wonderwoman :- hugoboss2000.no-ip.biz Message of the Day - 
:hugoboss2000.no-ip.biz 372 wonderwoman :- 9/2/2020 17:20
:hugoboss2000.no-ip.biz 372 wonderwoman :- #################################################################
:hugoboss2000.no-ip.biz 372 wonderwoman :- #       #####   ######  #   #  #####  #####  #####  #   #       #
:hugoboss2000.no-ip.biz 372 wonderwoman :- #       #   ##  #       #   #  #      #      #||1,WHOWAS||1 TOPICLEN=360 UHNAMES USERIP WALLCHOPS WATCH=128 WATCHOPTS=A :are supported by this server
:hugoboss2000.no-ip.biz 396 wonderwoman Clk-CAEB9374.home :is now your displayed host
:hugoboss2000.no-ip.biz 251 wonderwoman :There are 1 users and 1 invisible on 1 servers
:hugoboss2000.no-ip.biz 254 wonderwoman 1 :channels formed
:hugoboss2000.no-ip.biz 255 wonderwoman :I have 2 clients and 0 servers
:hugoboss2000.no-ip.biz 265 wonderwoman 2 5 :Current local users 2, max 5
:hugoboss2000.no-ip.biz 266 wonderwoman 2 2 :Current global users 2, max 2
:hugoboss2000.no-ip.biz 375 wonderwoman :- hugoboss2000.no-ip.biz Message of the Day - 
:hugoboss2000.no-ip.biz 372 wonderwoman :- 9/2/2020 17:20
:hugoboss2000.no-ip.biz 372 wonderwoman :- #################################################################
:hugoboss2000.no-ip.biz 372 wonderwoman :- #       #####   ######  #   #  #####  #####  #####  #   #       #
:hugoboss2000.no-ip.biz 372 wonderwoman :- #       #   ##  #       #   #  #      #      #|
1583147668|2020-03-02 12:14:28||#   #       #
:hugoboss2000.no-ip.biz 372 wonderwoman :- #       #    #  ###      # #   #####  ###    #####   # #        #
:hugoboss2000.no-ip.biz 372 wonderwoman :- #       #   ##  #        # #       #  #      # #     # #        #
:hugoboss2000.no-ip.biz 372 wonderwoman :- #       #####   ######    #    #####  #####  #  #     #         #
:hugoboss2000.no-ip.biz 372 wonderwoman :- #################################################################
:hugoboss2000.no-ip.biz 376 wonderwoman :End of /MOTD command.
:wonderwoman MODE wonderwoman :+iwx
:wonderwoman!wonderwoma@Clk-CAEB9374.home JOIN :#ot
:hugoboss2000.no-ip.biz 353 wonderwoman = #ot :wonderwoman @trace 
:hugoboss2000.no-ip.biz 366 wonderwoman #ot :End of /NAMES list.||hugoboss2000.no-ip.biz 372 wonderwoman||- #       #    #  ###      # #   #####  ###    #####   # #        #
:hugoboss2000.no-ip.biz 372 wonderwoman :- #       #   ##  #        # #       #  #      # #     # #        #
:hugoboss2000.no-ip.biz 372 wonderwoman :- #       #####   ######    #    #####  #####  #  #     #         #
:hugoboss2000.no-ip.biz 372 wonderwoman :- #################################################################
:hugoboss2000.no-ip.biz 376 wonderwoman :End of /MOTD command.
:wonderwoman MODE wonderwoman :+iwx
:wonderwoman!wonderwoma@Clk-CAEB9374.home JOIN :#ot
:hugoboss2000.no-ip.biz 353 wonderwoman = #ot :wonderwoman @trace 
:hugoboss2000.no-ip.biz 366 wonderwoman #ot :End of /NAMES list.|
1583147675|2020-03-02 12:14:35|PRIVMSG #ot :nothing from user anyone to user hugoboss2000.no-ip.biz 372 wonderwoman|wonderwoman|nothing from user anyone to user hugoboss2000.no-ip.biz 372 wonderwoman
1583147765|2020-03-02 12:16:05|PING :hugoboss2000.no-ip.biz|hugoboss2000.no-ip.biz|
1583147765|2020-03-02 12:16:05|PONG :hugoboss2000.no-ip.biz|wonderwoman|hugoboss2000.no-ip.biz
1583147855|2020-03-02 12:17:35|PING :hugoboss2000.no-ip.biz|hugoboss2000.no-ip.biz|
1583147855|2020-03-02 12:17:35|PONG :hugoboss2000.no-ip.biz|wonderwoman|hugoboss2000.no-ip.biz
1583147945|2020-03-02 12:19:05|PING :hugoboss2000.no-ip.biz|hugoboss2000.no-ip.biz|
1583147945|2020-03-02 12:19:05|PONG :hugoboss2000.no-ip.biz|wonderwoman|hugoboss2000.no-ip.biz
1583148035|2020-03-02 12:20:35|PING :hugoboss2000.no-ip.biz|hugoboss2000.no-ip.biz|
1583148035|2020-03-02 12:20:35|PONG :hugoboss2000.no-ip.biz|wonderwoman|hugoboss2000.no-ip.biz
1583148125|2020-03-02 12:22:05|PING :hugoboss2000.no-ip.biz|hugoboss2000.no-ip.biz|
1583148125|2020-03-02 12:22:05|PONG :hugoboss2000.no-ip.biz|wonderwoman|hugoboss2000.no-ip.biz
1583148215|2020-03-02 12:23:35|PING :hugoboss2000.no-ip.biz|hugoboss2000.no-ip.biz|
1583148215|2020-03-02 12:23:35|PONG :hugoboss2000.no-ip.biz|wonderwoman|hugoboss2000.no-ip.biz
1583148305|2020-03-02 12:25:05|PING :hugoboss2000.no-ip.biz|hugoboss2000.no-ip.biz|
1583148305|2020-03-02 12:25:05|PONG :hugoboss2000.no-ip.biz|wonderwoman|hugoboss2000.no-ip.biz
1583148395|2020-03-02 12:26:35|PING :hugoboss2000.no-ip.biz|hugoboss2000.no-ip.biz|
1583148395|2020-03-02 12:26:35|PONG :hugoboss2000.no-ip.biz|wonderwoman|hugoboss2000.no-ip.biz
1583148485|2020-03-02 12:28:05|PING :hugoboss2000.no-ip.biz|hugoboss2000.no-ip.biz|
1583148485|2020-03-02 12:28:05|PONG :hugoboss2000.no-ip.biz|wonderwoman|hugoboss2000.no-ip.biz
1583148575|2020-03-02 12:29:35|PING :hugoboss2000.no-ip.biz|hugoboss2000.no-ip.biz|
1583148575|2020-03-02 12:29:35|PONG :hugoboss2000.no-ip.biz|wonderwoman|hugoboss2000.no-ip.biz
1583148665|2020-03-02 12:31:05|PING :hugoboss2000.no-ip.biz|hugoboss2000.no-ip.biz|
1583148665|2020-03-02 12:31:05|PONG :hugoboss2000.no-ip.biz|wonderwoman|hugoboss2000.no-ip.biz
1583148755|2020-03-02 12:32:35|PING :hugoboss2000.no-ip.biz|hugoboss2000.no-ip.biz|
1583148755|2020-03-02 12:32:35|PONG :hugoboss2000.no-ip.biz|wonderwoman|hugoboss2000.no-ip.biz
1583148845|2020-03-02 12:34:05|PING :hugoboss2000.no-ip.biz|hugoboss2000.no-ip.biz|
1583148845|2020-03-02 12:34:05|PONG :hugoboss2000.no-ip.biz|wonderwoman|hugoboss2000.no-ip.biz
1583148935|2020-03-02 12:35:35|PING :hugoboss2000.no-ip.biz|hugoboss2000.no-ip.biz|
1583148935|2020-03-02 12:35:35|PONG :hugoboss2000.no-ip.biz|wonderwoman|hugoboss2000.no-ip.biz
1583149025|2020-03-02 12:37:05|PING :hugoboss2000.no-ip.biz|hugoboss2000.no-ip.biz|
1583149025|2020-03-02 12:37:05|PONG :hugoboss2000.no-ip.biz|wonderwoman|hugoboss2000.no-ip.biz
1583149115|2020-03-02 12:38:35|PING :hugoboss2000.no-ip.biz|hugoboss2000.no-ip.biz|
1583149115|2020-03-02 12:38:35|PONG :hugoboss2000.no-ip.biz|wonderwoman|hugoboss2000.no-ip.biz
1583149205|2020-03-02 12:40:05|PING :hugoboss2000.no-ip.biz|hugoboss2000.no-ip.biz|
1583149205|2020-03-02 12:40:05|PONG :hugoboss2000.no-ip.biz|wonderwoman|hugoboss2000.no-ip.biz
1583149295|2020-03-02 12:41:35|PING :hugoboss2000.no-ip.biz|hugoboss2000.no-ip.biz|
1583149295|2020-03-02 12:41:35|PONG :hugoboss2000.no-ip.biz|wonderwoman|hugoboss2000.no-ip.biz
1583149385|2020-03-02 12:43:05|PING :hugoboss2000.no-ip.biz|hugoboss2000.no-ip.biz|
1583149385|2020-03-02 12:43:05|PONG :hugoboss2000.no-ip.biz|wonderwoman|hugoboss2000.no-ip.biz
1583149475|2020-03-02 12:44:35|PING :hugoboss2000.no-ip.biz|hugoboss2000.no-ip.biz|
1583149475|2020-03-02 12:44:35|PONG :hugoboss2000.no-ip.biz|wonderwoman|hugoboss2000.no-ip.biz
1583149565|2020-03-02 12:46:05|PING :hugoboss2000.no-ip.biz|hugoboss2000.no-ip.biz|
1583149565|2020-03-02 12:46:05|PONG :hugoboss2000.no-ip.biz|wonderwoman|hugoboss2000.no-ip.biz
1583149655|2020-03-02 12:47:35|PING :hugoboss2000.no-ip.biz|hugoboss2000.no-ip.biz|
1583149655|2020-03-02 12:47:35|PONG :hugoboss2000.no-ip.biz|wonderwoman|hugoboss2000.no-ip.biz
1583149745|2020-03-02 12:49:05|PING :hugoboss2000.no-ip.biz|hugoboss2000.no-ip.biz|
1583149745|2020-03-02 12:49:05|PONG :hugoboss2000.no-ip.biz|wonderwoman|hugoboss2000.no-ip.biz
1583149835|2020-03-02 12:50:35|PING :hugoboss2000.no-ip.biz|hugoboss2000.no-ip.biz|
1583149835|2020-03-02 12:50:35|PONG :hugoboss2000.no-ip.biz|wonderwoman|hugoboss2000.no-ip.biz
1583149925|2020-03-02 12:52:05|PING :hugoboss2000.no-ip.biz|hugoboss2000.no-ip.biz|
1583149925|2020-03-02 12:52:05|PONG :hugoboss2000.no-ip.biz|wonderwoman|hugoboss2000.no-ip.biz
1583150015|2020-03-02 12:53:35|PING :hugoboss2000.no-ip.biz|hugoboss2000.no-ip.biz|
1583150015|2020-03-02 12:53:35|PONG :hugoboss2000.no-ip.biz|wonderwoman|hugoboss2000.no-ip.biz
1583150105|2020-03-02 12:55:05|PING :hugoboss2000.no-ip.biz|hugoboss2000.no-ip.biz|
1583150105|2020-03-02 12:55:05|PONG :hugoboss2000.no-ip.biz|wonderwoman|hugoboss2000.no-ip.biz
1583150195|2020-03-02 12:56:35|PING :hugoboss2000.no-ip.biz|hugoboss2000.no-ip.biz|
1583150195|2020-03-02 12:56:35|PONG :hugoboss2000.no-ip.biz|wonderwoman|hugoboss2000.no-ip.biz
1583150285|2020-03-02 12:58:05|PING :hugoboss2000.no-ip.biz|hugoboss2000.no-ip.biz|
1583150285|2020-03-02 12:58:05|PONG :hugoboss2000.no-ip.biz|wonderwoman|hugoboss2000.no-ip.biz
1583150375|2020-03-02 12:59:35|PING :hugoboss2000.no-ip.biz|hugoboss2000.no-ip.biz|
1583150375|2020-03-02 12:59:35|PONG :hugoboss2000.no-ip.biz|wonderwoman|hugoboss2000.no-ip.biz
1583150465|2020-03-02 13:01:05|PING :hugoboss2000.no-ip.biz|hugoboss2000.no-ip.biz|
1583150465|2020-03-02 13:01:05|PONG :hugoboss2000.no-ip.biz|wonderwoman|hugoboss2000.no-ip.biz
1583150555|2020-03-02 13:02:35|PING :hugoboss2000.no-ip.biz|hugoboss2000.no-ip.biz|
1583150555|2020-03-02 13:02:35|PONG :hugoboss2000.no-ip.biz|wonderwoman|hugoboss2000.no-ip.biz
1583150645|2020-03-02 13:04:05|PING :hugoboss2000.no-ip.biz|hugoboss2000.no-ip.biz|
1583150645|2020-03-02 13:04:05|PONG :hugoboss2000.no-ip.biz|wonderwoman|hugoboss2000.no-ip.biz
1583150735|2020-03-02 13:05:35|PING :hugoboss2000.no-ip.biz|hugoboss2000.no-ip.biz|
1583150735|2020-03-02 13:05:35|PONG :hugoboss2000.no-ip.biz|wonderwoman|hugoboss2000.no-ip.biz
1583150825|2020-03-02 13:07:05|PING :hugoboss2000.no-ip.biz|hugoboss2000.no-ip.biz|
1583150825|2020-03-02 13:07:05|PONG :hugoboss2000.no-ip.biz|wonderwoman|hugoboss2000.no-ip.biz
1583150915|2020-03-02 13:08:35|PING :hugoboss2000.no-ip.biz|hugoboss2000.no-ip.biz|
1583150915|2020-03-02 13:08:35|PONG :hugoboss2000.no-ip.biz|wonderwoman|hugoboss2000.no-ip.biz
1583151005|2020-03-02 13:10:05|PING :hugoboss2000.no-ip.biz|hugoboss2000.no-ip.biz|
1583151005|2020-03-02 13:10:05|PONG :hugoboss2000.no-ip.biz|wonderwoman|hugoboss2000.no-ip.biz
1583151095|2020-03-02 13:11:35|PING :hugoboss2000.no-ip.biz|hugoboss2000.no-ip.biz|
1583151095|2020-03-02 13:11:35|PONG :hugoboss2000.no-ip.biz|wonderwoman|hugoboss2000.no-ip.biz
1583151185|2020-03-02 13:13:05|PING :hugoboss2000.no-ip.biz|hugoboss2000.no-ip.biz|
1583151185|2020-03-02 13:13:05|PONG :hugoboss2000.no-ip.biz|wonderwoman|hugoboss2000.no-ip.biz
1583151275|2020-03-02 13:14:35|PING :hugoboss2000.no-ip.biz|hugoboss2000.no-ip.biz|
1583151275|2020-03-02 13:14:35|PONG :hugoboss2000.no-ip.biz|wonderwoman|hugoboss2000.no-ip.biz
1583151365|2020-03-02 13:16:05|PING :hugoboss2000.no-ip.biz|hugoboss2000.no-ip.biz|
1583151365|2020-03-02 13:16:05|PONG :hugoboss2000.no-ip.biz|wonderwoman|hugoboss2000.no-ip.biz
1583151455|2020-03-02 13:17:35|PING :hugoboss2000.no-ip.biz|hugoboss2000.no-ip.biz|
1583151455|2020-03-02 13:17:35|PONG :hugoboss2000.no-ip.biz|wonderwoman|hugoboss2000.no-ip.biz
1583151545|2020-03-02 13:19:05|PING :hugoboss2000.no-ip.biz|hugoboss2000.no-ip.biz|
1583151545|2020-03-02 13:19:05|PONG :hugoboss2000.no-ip.biz|wonderwoman|hugoboss2000.no-ip.biz
1583151635|2020-03-02 13:20:35|PING :hugoboss2000.no-ip.biz|hugoboss2000.no-ip.biz|
1583151635|2020-03-02 13:20:35|PONG :hugoboss2000.no-ip.biz|wonderwoman|hugoboss2000.no-ip.biz
1583151725|2020-03-02 13:22:05|PING :hugoboss2000.no-ip.biz|hugoboss2000.no-ip.biz|
1583151725|2020-03-02 13:22:05|PONG :hugoboss2000.no-ip.biz|wonderwoman|hugoboss2000.no-ip.biz
1583151815|2020-03-02 13:23:35|PING :hugoboss2000.no-ip.biz|hugoboss2000.no-ip.biz|
1583151815|2020-03-02 13:23:35|PONG :hugoboss2000.no-ip.biz|wonderwoman|hugoboss2000.no-ip.biz
1583151905|2020-03-02 13:25:05|PING :hugoboss2000.no-ip.biz|hugoboss2000.no-ip.biz|
1583151905|2020-03-02 13:25:05|PONG :hugoboss2000.no-ip.biz|wonderwoman|hugoboss2000.no-ip.biz
1583151995|2020-03-02 13:26:35|PING :hugoboss2000.no-ip.biz|hugoboss2000.no-ip.biz|
1583151995|2020-03-02 13:26:35|PONG :hugoboss2000.no-ip.biz|wonderwoman|hugoboss2000.no-ip.biz
1583152085|2020-03-02 13:28:05|PING :hugoboss2000.no-ip.biz|hugoboss2000.no-ip.biz|
1583152085|2020-03-02 13:28:05|PONG :hugoboss2000.no-ip.biz|wonderwoman|hugoboss2000.no-ip.biz
1583152175|2020-03-02 13:29:35|PING :hugoboss2000.no-ip.biz|hugoboss2000.no-ip.biz|
1583152175|2020-03-02 13:29:35|PONG :hugoboss2000.no-ip.biz|wonderwoman|hugoboss2000.no-ip.biz
1583152265|2020-03-02 13:31:05|PING :hugoboss2000.no-ip.biz|hugoboss2000.no-ip.biz|
1583152265|2020-03-02 13:31:05|PONG :hugoboss2000.no-ip.biz|wonderwoman|hugoboss2000.no-ip.biz
1583152355|2020-03-02 13:32:35|PING :hugoboss2000.no-ip.biz|hugoboss2000.no-ip.biz|
1583152355|2020-03-02 13:32:35|PONG :hugoboss2000.no-ip.biz|wonderwoman|hugoboss2000.no-ip.biz
1583152445|2020-03-02 13:34:05|PING :hugoboss2000.no-ip.biz|hugoboss2000.no-ip.biz|
1583152445|2020-03-02 13:34:05|PONG :hugoboss2000.no-ip.biz|wonderwoman|hugoboss2000.no-ip.biz
1583152535|2020-03-02 13:35:35|PING :hugoboss2000.no-ip.biz|hugoboss2000.no-ip.biz|
1583152535|2020-03-02 13:35:35|PONG :hugoboss2000.no-ip.biz|wonderwoman|hugoboss2000.no-ip.biz
1583152625|2020-03-02 13:37:05|PING :hugoboss2000.no-ip.biz|hugoboss2000.no-ip.biz|
1583152625|2020-03-02 13:37:05|PONG :hugoboss2000.no-ip.biz|wonderwoman|hugoboss2000.no-ip.biz
1583152715|2020-03-02 13:38:35|PING :hugoboss2000.no-ip.biz|hugoboss2000.no-ip.biz|
1583152715|2020-03-02 13:38:35|PONG :hugoboss2000.no-ip.biz|wonderwoman|hugoboss2000.no-ip.biz
1583152805|2020-03-02 13:40:05|PING :hugoboss2000.no-ip.biz|hugoboss2000.no-ip.biz|
1583152805|2020-03-02 13:40:05|PONG :hugoboss2000.no-ip.biz|wonderwoman|hugoboss2000.no-ip.biz
1583152895|2020-03-02 13:41:35|PING :hugoboss2000.no-ip.biz|hugoboss2000.no-ip.biz|
1583152895|2020-03-02 13:41:35|PONG :hugoboss2000.no-ip.biz|wonderwoman|hugoboss2000.no-ip.biz
1583152985|2020-03-02 13:43:05|PING :hugoboss2000.no-ip.biz|hugoboss2000.no-ip.biz|
1583152985|2020-03-02 13:43:05|PONG :hugoboss2000.no-ip.biz|wonderwoman|hugoboss2000.no-ip.biz
1583153075|2020-03-02 13:44:35|PING :hugoboss2000.no-ip.biz|hugoboss2000.no-ip.biz|
1583153075|2020-03-02 13:44:35|PONG :hugoboss2000.no-ip.biz|wonderwoman|hugoboss2000.no-ip.biz
1583153165|2020-03-02 13:46:05|PING :hugoboss2000.no-ip.biz|hugoboss2000.no-ip.biz|
1583153165|2020-03-02 13:46:05|PONG :hugoboss2000.no-ip.biz|wonderwoman|hugoboss2000.no-ip.biz
1583153255|2020-03-02 13:47:35|PING :hugoboss2000.no-ip.biz|hugoboss2000.no-ip.biz|
1583153255|2020-03-02 13:47:35|PONG :hugoboss2000.no-ip.biz|wonderwoman|hugoboss2000.no-ip.biz
1583153345|2020-03-02 13:49:05|PING :hugoboss2000.no-ip.biz|hugoboss2000.no-ip.biz|
1583153345|2020-03-02 13:49:05|PONG :hugoboss2000.no-ip.biz|wonderwoman|hugoboss2000.no-ip.biz
1583153435|2020-03-02 13:50:35|PING :hugoboss2000.no-ip.biz|hugoboss2000.no-ip.biz|
1583153435|2020-03-02 13:50:35|PONG :hugoboss2000.no-ip.biz|wonderwoman|hugoboss2000.no-ip.biz
1583153525|2020-03-02 13:52:05|PING :hugoboss2000.no-ip.biz|hugoboss2000.no-ip.biz|
1583153525|2020-03-02 13:52:05|PONG :hugoboss2000.no-ip.biz|wonderwoman|hugoboss2000.no-ip.biz
1583153615|2020-03-02 13:53:35|PING :hugoboss2000.no-ip.biz|hugoboss2000.no-ip.biz|
1583153615|2020-03-02 13:53:35|PONG :hugoboss2000.no-ip.biz|wonderwoman|hugoboss2000.no-ip.biz
1583153705|2020-03-02 13:55:05|PING :hugoboss2000.no-ip.biz|hugoboss2000.no-ip.biz|
1583153705|2020-03-02 13:55:05|PONG :hugoboss2000.no-ip.biz|wonderwoman|hugoboss2000.no-ip.biz
1583153795|2020-03-02 13:56:35|PING :hugoboss2000.no-ip.biz|hugoboss2000.no-ip.biz|
1583153795|2020-03-02 13:56:35|PONG :hugoboss2000.no-ip.biz|wonderwoman|hugoboss2000.no-ip.biz
1583153885|2020-03-02 13:58:05|PING :hugoboss2000.no-ip.biz|hugoboss2000.no-ip.biz|
1583153885|2020-03-02 13:58:05|PONG :hugoboss2000.no-ip.biz|wonderwoman|hugoboss2000.no-ip.biz
1583153975|2020-03-02 13:59:35|PING :hugoboss2000.no-ip.biz|hugoboss2000.no-ip.biz|
1583153975|2020-03-02 13:59:35|PONG :hugoboss2000.no-ip.biz|wonderwoman|hugoboss2000.no-ip.biz
1583154065|2020-03-02 14:01:05|PING :hugoboss2000.no-ip.biz|hugoboss2000.no-ip.biz|
1583154065|2020-03-02 14:01:05|PONG :hugoboss2000.no-ip.biz|wonderwoman|hugoboss2000.no-ip.biz
1583154155|2020-03-02 14:02:35|PING :hugoboss2000.no-ip.biz|hugoboss2000.no-ip.biz|
1583154155|2020-03-02 14:02:35|PONG :hugoboss2000.no-ip.biz|wonderwoman|hugoboss2000.no-ip.biz
1583154245|2020-03-02 14:04:05|PING :hugoboss2000.no-ip.biz|hugoboss2000.no-ip.biz|
1583154245|2020-03-02 14:04:05|PONG :hugoboss2000.no-ip.biz|wonderwoman|hugoboss2000.no-ip.biz
1583154335|2020-03-02 14:05:35|PING :hugoboss2000.no-ip.biz|hugoboss2000.no-ip.biz|
1583154335|2020-03-02 14:05:35|PONG :hugoboss2000.no-ip.biz|wonderwoman|hugoboss2000.no-ip.biz
1583154425|2020-03-02 14:07:05|PING :hugoboss2000.no-ip.biz|hugoboss2000.no-ip.biz|
1583154425|2020-03-02 14:07:05|PONG :hugoboss2000.no-ip.biz|wonderwoman|hugoboss2000.no-ip.biz
1583154515|2020-03-02 14:08:35|PING :hugoboss2000.no-ip.biz|hugoboss2000.no-ip.biz|
1583154515|2020-03-02 14:08:35|PONG :hugoboss2000.no-ip.biz|wonderwoman|hugoboss2000.no-ip.biz
1583154605|2020-03-02 14:10:05|PING :hugoboss2000.no-ip.biz|hugoboss2000.no-ip.biz|
1583154605|2020-03-02 14:10:05|PONG :hugoboss2000.no-ip.biz|wonderwoman|hugoboss2000.no-ip.biz
1583154695|2020-03-02 14:11:35|PING :hugoboss2000.no-ip.biz|hugoboss2000.no-ip.biz|
1583154695|2020-03-02 14:11:35|PONG :hugoboss2000.no-ip.biz|wonderwoman|hugoboss2000.no-ip.biz
1583154785|2020-03-02 14:13:05|PING :hugoboss2000.no-ip.biz|hugoboss2000.no-ip.biz|
1583154785|2020-03-02 14:13:05|PONG :hugoboss2000.no-ip.biz|wonderwoman|hugoboss2000.no-ip.biz
1583154875|2020-03-02 14:14:35|PING :hugoboss2000.no-ip.biz|hugoboss2000.no-ip.biz|
1583154875|2020-03-02 14:14:35|PONG :hugoboss2000.no-ip.biz|wonderwoman|hugoboss2000.no-ip.biz
1583154965|2020-03-02 14:16:05|PING :hugoboss2000.no-ip.biz|hugoboss2000.no-ip.biz|
1583154965|2020-03-02 14:16:05|PONG :hugoboss2000.no-ip.biz|wonderwoman|hugoboss2000.no-ip.biz
1583155055|2020-03-02 14:17:35|PING :hugoboss2000.no-ip.biz|hugoboss2000.no-ip.biz|
1583155055|2020-03-02 14:17:35|PONG :hugoboss2000.no-ip.biz|wonderwoman|hugoboss2000.no-ip.biz
1583155145|2020-03-02 14:19:05|PING :hugoboss2000.no-ip.biz|hugoboss2000.no-ip.biz|
1583155145|2020-03-02 14:19:05|PONG :hugoboss2000.no-ip.biz|wonderwoman|hugoboss2000.no-ip.biz
1583155235|2020-03-02 14:20:35|PING :hugoboss2000.no-ip.biz|hugoboss2000.no-ip.biz|
1583155235|2020-03-02 14:20:35|PONG :hugoboss2000.no-ip.biz|wonderwoman|hugoboss2000.no-ip.biz
1583155325|2020-03-02 14:22:05|PING :hugoboss2000.no-ip.biz|hugoboss2000.no-ip.biz|
1583155325|2020-03-02 14:22:05|PONG :hugoboss2000.no-ip.biz|wonderwoman|hugoboss2000.no-ip.biz
1583155415|2020-03-02 14:23:35|PING :hugoboss2000.no-ip.biz|hugoboss2000.no-ip.biz|
1583155415|2020-03-02 14:23:35|PONG :hugoboss2000.no-ip.biz|wonderwoman|hugoboss2000.no-ip.biz
1583155505|2020-03-02 14:25:05|PING :hugoboss2000.no-ip.biz|hugoboss2000.no-ip.biz|
1583155505|2020-03-02 14:25:05|PONG :hugoboss2000.no-ip.biz|wonderwoman|hugoboss2000.no-ip.biz
1583155595|2020-03-02 14:26:35|PING :hugoboss2000.no-ip.biz|hugoboss2000.no-ip.biz|
1583155595|2020-03-02 14:26:35|PONG :hugoboss2000.no-ip.biz|wonderwoman|hugoboss2000.no-ip.biz
1583155685|2020-03-02 14:28:05|PING :hugoboss2000.no-ip.biz|hugoboss2000.no-ip.biz|
1583155685|2020-03-02 14:28:05|PONG :hugoboss2000.no-ip.biz|wonderwoman|hugoboss2000.no-ip.biz
1583155775|2020-03-02 14:29:35|PING :hugoboss2000.no-ip.biz|hugoboss2000.no-ip.biz|
1583155775|2020-03-02 14:29:35|PONG :hugoboss2000.no-ip.biz|wonderwoman|hugoboss2000.no-ip.biz
1583155865|2020-03-02 14:31:05|PING :hugoboss2000.no-ip.biz|hugoboss2000.no-ip.biz|
1583155865|2020-03-02 14:31:05|PONG :hugoboss2000.no-ip.biz|wonderwoman|hugoboss2000.no-ip.biz
1583155955|2020-03-02 14:32:35|PING :hugoboss2000.no-ip.biz|hugoboss2000.no-ip.biz|
1583155955|2020-03-02 14:32:35|PONG :hugoboss2000.no-ip.biz|wonderwoman|hugoboss2000.no-ip.biz
1583156045|2020-03-02 14:34:05|PING :hugoboss2000.no-ip.biz|hugoboss2000.no-ip.biz|
1583156045|2020-03-02 14:34:05|PONG :hugoboss2000.no-ip.biz|wonderwoman|hugoboss2000.no-ip.biz
1583156135|2020-03-02 14:35:35|PING :hugoboss2000.no-ip.biz|hugoboss2000.no-ip.biz|
1583156135|2020-03-02 14:35:35|PONG :hugoboss2000.no-ip.biz|wonderwoman|hugoboss2000.no-ip.biz
1583156225|2020-03-02 14:37:05|PING :hugoboss2000.no-ip.biz|hugoboss2000.no-ip.biz|
1583156225|2020-03-02 14:37:05|PONG :hugoboss2000.no-ip.biz|wonderwoman|hugoboss2000.no-ip.biz
1583156315|2020-03-02 14:38:35|PING :hugoboss2000.no-ip.biz|hugoboss2000.no-ip.biz|
1583156315|2020-03-02 14:38:35|PONG :hugoboss2000.no-ip.biz|wonderwoman|hugoboss2000.no-ip.biz
1583156405|2020-03-02 14:40:05|PING :hugoboss2000.no-ip.biz|hugoboss2000.no-ip.biz|
1583156405|2020-03-02 14:40:05|PONG :hugoboss2000.no-ip.biz|wonderwoman|hugoboss2000.no-ip.biz
1583156495|2020-03-02 14:41:35|PING :hugoboss2000.no-ip.biz|hugoboss2000.no-ip.biz|
1583156495|2020-03-02 14:41:35|PONG :hugoboss2000.no-ip.biz|wonderwoman|hugoboss2000.no-ip.biz
1583156585|2020-03-02 14:43:05|PING :hugoboss2000.no-ip.biz|hugoboss2000.no-ip.biz|
1583156585|2020-03-02 14:43:05|PONG :hugoboss2000.no-ip.biz|wonderwoman|hugoboss2000.no-ip.biz
1583156675|2020-03-02 14:44:35|PING :hugoboss2000.no-ip.biz|hugoboss2000.no-ip.biz|
1583156675|2020-03-02 14:44:35|PONG :hugoboss2000.no-ip.biz|wonderwoman|hugoboss2000.no-ip.biz
1583156765|2020-03-02 14:46:05|PING :hugoboss2000.no-ip.biz|hugoboss2000.no-ip.biz|
1583156765|2020-03-02 14:46:05|PONG :hugoboss2000.no-ip.biz|wonderwoman|hugoboss2000.no-ip.biz
1583156855|2020-03-02 14:47:35|PING :hugoboss2000.no-ip.biz|hugoboss2000.no-ip.biz|
1583156855|2020-03-02 14:47:35|PONG :hugoboss2000.no-ip.biz|wonderwoman|hugoboss2000.no-ip.biz
1583156945|2020-03-02 14:49:05|PING :hugoboss2000.no-ip.biz|hugoboss2000.no-ip.biz|
1583156945|2020-03-02 14:49:05|PONG :hugoboss2000.no-ip.biz|wonderwoman|hugoboss2000.no-ip.biz
1583157035|2020-03-02 14:50:35|PING :hugoboss2000.no-ip.biz|hugoboss2000.no-ip.biz|
1583157035|2020-03-02 14:50:35|PONG :hugoboss2000.no-ip.biz|wonderwoman|hugoboss2000.no-ip.biz
1583157125|2020-03-02 14:52:05|PING :hugoboss2000.no-ip.biz|hugoboss2000.no-ip.biz|
1583157125|2020-03-02 14:52:05|PONG :hugoboss2000.no-ip.biz|wonderwoman|hugoboss2000.no-ip.biz
1583157215|2020-03-02 14:53:35|PING :hugoboss2000.no-ip.biz|hugoboss2000.no-ip.biz|
1583157215|2020-03-02 14:53:35|PONG :hugoboss2000.no-ip.biz|wonderwoman|hugoboss2000.no-ip.biz
1583157305|2020-03-02 14:55:05|PING :hugoboss2000.no-ip.biz|hugoboss2000.no-ip.biz|
1583157305|2020-03-02 14:55:05|PONG :hugoboss2000.no-ip.biz|wonderwoman|hugoboss2000.no-ip.biz
1583157395|2020-03-02 14:56:35|PING :hugoboss2000.no-ip.biz|hugoboss2000.no-ip.biz|
1583157395|2020-03-02 14:56:35|PONG :hugoboss2000.no-ip.biz|wonderwoman|hugoboss2000.no-ip.biz
1583157485|2020-03-02 14:58:05|PING :hugoboss2000.no-ip.biz|hugoboss2000.no-ip.biz|
1583157485|2020-03-02 14:58:05|PONG :hugoboss2000.no-ip.biz|wonderwoman|hugoboss2000.no-ip.biz
1583157575|2020-03-02 14:59:35|PING :hugoboss2000.no-ip.biz|hugoboss2000.no-ip.biz|
1583157575|2020-03-02 14:59:35|PONG :hugoboss2000.no-ip.biz|wonderwoman|hugoboss2000.no-ip.biz
1583157665|2020-03-02 15:01:05|PING :hugoboss2000.no-ip.biz|hugoboss2000.no-ip.biz|
1583157665|2020-03-02 15:01:05|PONG :hugoboss2000.no-ip.biz|wonderwoman|hugoboss2000.no-ip.biz
1583157755|2020-03-02 15:02:35|PING :hugoboss2000.no-ip.biz|hugoboss2000.no-ip.biz|
1583157755|2020-03-02 15:02:35|PONG :hugoboss2000.no-ip.biz|wonderwoman|hugoboss2000.no-ip.biz
1583157845|2020-03-02 15:04:05|PING :hugoboss2000.no-ip.biz|hugoboss2000.no-ip.biz|
1583157845|2020-03-02 15:04:05|PONG :hugoboss2000.no-ip.biz|wonderwoman|hugoboss2000.no-ip.biz
1583157935|2020-03-02 15:05:35|PING :hugoboss2000.no-ip.biz|hugoboss2000.no-ip.biz|
1583157935|2020-03-02 15:05:35|PONG :hugoboss2000.no-ip.biz|wonderwoman|hugoboss2000.no-ip.biz
1583158025|2020-03-02 15:07:05|PING :hugoboss2000.no-ip.biz|hugoboss2000.no-ip.biz|
1583158025|2020-03-02 15:07:05|PONG :hugoboss2000.no-ip.biz|wonderwoman|hugoboss2000.no-ip.biz
1583158115|2020-03-02 15:08:35|PING :hugoboss2000.no-ip.biz|hugoboss2000.no-ip.biz|
1583158115|2020-03-02 15:08:35|PONG :hugoboss2000.no-ip.biz|wonderwoman|hugoboss2000.no-ip.biz
1583158205|2020-03-02 15:10:05|PING :hugoboss2000.no-ip.biz|hugoboss2000.no-ip.biz|
1583158205|2020-03-02 15:10:05|PONG :hugoboss2000.no-ip.biz|wonderwoman|hugoboss2000.no-ip.biz
1583158295|2020-03-02 15:11:35|PING :hugoboss2000.no-ip.biz|hugoboss2000.no-ip.biz|
1583158295|2020-03-02 15:11:35|PONG :hugoboss2000.no-ip.biz|wonderwoman|hugoboss2000.no-ip.biz
1583158385|2020-03-02 15:13:05|PING :hugoboss2000.no-ip.biz|hugoboss2000.no-ip.biz|
1583158385|2020-03-02 15:13:05|PONG :hugoboss2000.no-ip.biz|wonderwoman|hugoboss2000.no-ip.biz
1583158475|2020-03-02 15:14:35|PING :hugoboss2000.no-ip.biz|hugoboss2000.no-ip.biz|
1583158475|2020-03-02 15:14:35|PONG :hugoboss2000.no-ip.biz|wonderwoman|hugoboss2000.no-ip.biz
1583158565|2020-03-02 15:16:05|PING :hugoboss2000.no-ip.biz|hugoboss2000.no-ip.biz|
1583158565|2020-03-02 15:16:05|PONG :hugoboss2000.no-ip.biz|wonderwoman|hugoboss2000.no-ip.biz
1583158655|2020-03-02 15:17:35|PING :hugoboss2000.no-ip.biz|hugoboss2000.no-ip.biz|
1583158655|2020-03-02 15:17:35|PONG :hugoboss2000.no-ip.biz|wonderwoman|hugoboss2000.no-ip.biz
1583158745|2020-03-02 15:19:05|PING :hugoboss2000.no-ip.biz|hugoboss2000.no-ip.biz|
1583158745|2020-03-02 15:19:05|PONG :hugoboss2000.no-ip.biz|wonderwoman|hugoboss2000.no-ip.biz
1583158835|2020-03-02 15:20:35|PING :hugoboss2000.no-ip.biz|hugoboss2000.no-ip.biz|
1583158835|2020-03-02 15:20:35|PONG :hugoboss2000.no-ip.biz|wonderwoman|hugoboss2000.no-ip.biz
1583158925|2020-03-02 15:22:05|PING :hugoboss2000.no-ip.biz|hugoboss2000.no-ip.biz|
1583158925|2020-03-02 15:22:05|PONG :hugoboss2000.no-ip.biz|wonderwoman|hugoboss2000.no-ip.biz
1583159015|2020-03-02 15:23:35|PING :hugoboss2000.no-ip.biz|hugoboss2000.no-ip.biz|
1583159015|2020-03-02 15:23:35|PONG :hugoboss2000.no-ip.biz|wonderwoman|hugoboss2000.no-ip.biz
1583159105|2020-03-02 15:25:05|PING :hugoboss2000.no-ip.biz|hugoboss2000.no-ip.biz|
1583159105|2020-03-02 15:25:05|PONG :hugoboss2000.no-ip.biz|wonderwoman|hugoboss2000.no-ip.biz
1583159195|2020-03-02 15:26:35|PING :hugoboss2000.no-ip.biz|hugoboss2000.no-ip.biz|
1583159195|2020-03-02 15:26:35|PONG :hugoboss2000.no-ip.biz|wonderwoman|hugoboss2000.no-ip.biz
1583159285|2020-03-02 15:28:05|PING :hugoboss2000.no-ip.biz|hugoboss2000.no-ip.biz|
1583159285|2020-03-02 15:28:05|PONG :hugoboss2000.no-ip.biz|wonderwoman|hugoboss2000.no-ip.biz
1583159375|2020-03-02 15:29:35|PING :hugoboss2000.no-ip.biz|hugoboss2000.no-ip.biz|
1583159375|2020-03-02 15:29:35|PONG :hugoboss2000.no-ip.biz|wonderwoman|hugoboss2000.no-ip.biz
1583159465|2020-03-02 15:31:05|PING :hugoboss2000.no-ip.biz|hugoboss2000.no-ip.biz|
1583159465|2020-03-02 15:31:05|PONG :hugoboss2000.no-ip.biz|wonderwoman|hugoboss2000.no-ip.biz
1583159555|2020-03-02 15:32:35|PING :hugoboss2000.no-ip.biz|hugoboss2000.no-ip.biz|
1583159555|2020-03-02 15:32:35|PONG :hugoboss2000.no-ip.biz|wonderwoman|hugoboss2000.no-ip.biz
1583159645|2020-03-02 15:34:05|PING :hugoboss2000.no-ip.biz|hugoboss2000.no-ip.biz|
1583159645|2020-03-02 15:34:05|PONG :hugoboss2000.no-ip.biz|wonderwoman|hugoboss2000.no-ip.biz
1583159735|2020-03-02 15:35:35|PING :hugoboss2000.no-ip.biz|hugoboss2000.no-ip.biz|
1583159735|2020-03-02 15:35:35|PONG :hugoboss2000.no-ip.biz|wonderwoman|hugoboss2000.no-ip.biz
1583159825|2020-03-02 15:37:05|PING :hugoboss2000.no-ip.biz|hugoboss2000.no-ip.biz|
1583159825|2020-03-02 15:37:05|PONG :hugoboss2000.no-ip.biz|wonderwoman|hugoboss2000.no-ip.biz
1583159915|2020-03-02 15:38:35|PING :hugoboss2000.no-ip.biz|hugoboss2000.no-ip.biz|
1583159915|2020-03-02 15:38:35|PONG :hugoboss2000.no-ip.biz|wonderwoman|hugoboss2000.no-ip.biz
1583160005|2020-03-02 15:40:05|PING :hugoboss2000.no-ip.biz|hugoboss2000.no-ip.biz|
1583160005|2020-03-02 15:40:05|PONG :hugoboss2000.no-ip.biz|wonderwoman|hugoboss2000.no-ip.biz
1583160095|2020-03-02 15:41:35|PING :hugoboss2000.no-ip.biz|hugoboss2000.no-ip.biz|
1583160095|2020-03-02 15:41:35|PONG :hugoboss2000.no-ip.biz|wonderwoman|hugoboss2000.no-ip.biz
1583160185|2020-03-02 15:43:05|PING :hugoboss2000.no-ip.biz|hugoboss2000.no-ip.biz|
1583160185|2020-03-02 15:43:05|PONG :hugoboss2000.no-ip.biz|wonderwoman|hugoboss2000.no-ip.biz
1583160275|2020-03-02 15:44:35|PING :hugoboss2000.no-ip.biz|hugoboss2000.no-ip.biz|
1583160275|2020-03-02 15:44:35|PONG :hugoboss2000.no-ip.biz|wonderwoman|hugoboss2000.no-ip.biz
1583160365|2020-03-02 15:46:05|PING :hugoboss2000.no-ip.biz|hugoboss2000.no-ip.biz|
1583160365|2020-03-02 15:46:05|PONG :hugoboss2000.no-ip.biz|wonderwoman|hugoboss2000.no-ip.biz
1583160455|2020-03-02 15:47:35|PING :hugoboss2000.no-ip.biz|hugoboss2000.no-ip.biz|
1583160455|2020-03-02 15:47:35|PONG :hugoboss2000.no-ip.biz|wonderwoman|hugoboss2000.no-ip.biz
1583160545|2020-03-02 15:49:05|PING :hugoboss2000.no-ip.biz|hugoboss2000.no-ip.biz|
1583160545|2020-03-02 15:49:05|PONG :hugoboss2000.no-ip.biz|wonderwoman|hugoboss2000.no-ip.biz
1583160635|2020-03-02 15:50:35|PING :hugoboss2000.no-ip.biz|hugoboss2000.no-ip.biz|
1583160635|2020-03-02 15:50:35|PONG :hugoboss2000.no-ip.biz|wonderwoman|hugoboss2000.no-ip.biz
1583160725|2020-03-02 15:52:05|PING :hugoboss2000.no-ip.biz|hugoboss2000.no-ip.biz|
1583160725|2020-03-02 15:52:05|PONG :hugoboss2000.no-ip.biz|wonderwoman|hugoboss2000.no-ip.biz
1583160815|2020-03-02 15:53:35|PING :hugoboss2000.no-ip.biz|hugoboss2000.no-ip.biz|
1583160815|2020-03-02 15:53:35|PONG :hugoboss2000.no-ip.biz|wonderwoman|hugoboss2000.no-ip.biz
1583160905|2020-03-02 15:55:05|PING :hugoboss2000.no-ip.biz|hugoboss2000.no-ip.biz|
1583160905|2020-03-02 15:55:05|PONG :hugoboss2000.no-ip.biz|wonderwoman|hugoboss2000.no-ip.biz
1583160995|2020-03-02 15:56:35|PING :hugoboss2000.no-ip.biz|hugoboss2000.no-ip.biz|
1583160995|2020-03-02 15:56:35|PONG :hugoboss2000.no-ip.biz|wonderwoman|hugoboss2000.no-ip.biz
1583161085|2020-03-02 15:58:05|PING :hugoboss2000.no-ip.biz|hugoboss2000.no-ip.biz|
1583161085|2020-03-02 15:58:05|PONG :hugoboss2000.no-ip.biz|wonderwoman|hugoboss2000.no-ip.biz
1583161175|2020-03-02 15:59:35|PING :hugoboss2000.no-ip.biz|hugoboss2000.no-ip.biz|
1583161175|2020-03-02 15:59:35|PONG :hugoboss2000.no-ip.biz|wonderwoman|hugoboss2000.no-ip.biz
1583161265|2020-03-02 16:01:05|PING :hugoboss2000.no-ip.biz|hugoboss2000.no-ip.biz|
1583161265|2020-03-02 16:01:05|PONG :hugoboss2000.no-ip.biz|wonderwoman|hugoboss2000.no-ip.biz
1583161355|2020-03-02 16:02:35|PING :hugoboss2000.no-ip.biz|hugoboss2000.no-ip.biz|
1583161355|2020-03-02 16:02:35|PONG :hugoboss2000.no-ip.biz|wonderwoman|hugoboss2000.no-ip.biz
1583161445|2020-03-02 16:04:05|PING :hugoboss2000.no-ip.biz|hugoboss2000.no-ip.biz|
1583161445|2020-03-02 16:04:05|PONG :hugoboss2000.no-ip.biz|wonderwoman|hugoboss2000.no-ip.biz
1583161535|2020-03-02 16:05:35|PING :hugoboss2000.no-ip.biz|hugoboss2000.no-ip.biz|
1583161535|2020-03-02 16:05:35|PONG :hugoboss2000.no-ip.biz|wonderwoman|hugoboss2000.no-ip.biz
1583161625|2020-03-02 16:07:05|PING :hugoboss2000.no-ip.biz|hugoboss2000.no-ip.biz|
1583161625|2020-03-02 16:07:05|PONG :hugoboss2000.no-ip.biz|wonderwoman|hugoboss2000.no-ip.biz
1583161715|2020-03-02 16:08:35|PING :hugoboss2000.no-ip.biz|hugoboss2000.no-ip.biz|
1583161715|2020-03-02 16:08:35|PONG :hugoboss2000.no-ip.biz|wonderwoman|hugoboss2000.no-ip.biz
1583161805|2020-03-02 16:10:05|PING :hugoboss2000.no-ip.biz|hugoboss2000.no-ip.biz|
1583161805|2020-03-02 16:10:05|PONG :hugoboss2000.no-ip.biz|wonderwoman|hugoboss2000.no-ip.biz
1583161895|2020-03-02 16:11:35|PING :hugoboss2000.no-ip.biz|hugoboss2000.no-ip.biz|
1583161895|2020-03-02 16:11:35|PONG :hugoboss2000.no-ip.biz|wonderwoman|hugoboss2000.no-ip.biz
1583161985|2020-03-02 16:13:05|PING :hugoboss2000.no-ip.biz|hugoboss2000.no-ip.biz|
1583161985|2020-03-02 16:13:05|PONG :hugoboss2000.no-ip.biz|wonderwoman|hugoboss2000.no-ip.biz
1583162075|2020-03-02 16:14:35|PING :hugoboss2000.no-ip.biz|hugoboss2000.no-ip.biz|
1583162075|2020-03-02 16:14:35|PONG :hugoboss2000.no-ip.biz|wonderwoman|hugoboss2000.no-ip.biz
1583162165|2020-03-02 16:16:05|PING :hugoboss2000.no-ip.biz|hugoboss2000.no-ip.biz|
1583162165|2020-03-02 16:16:05|PONG :hugoboss2000.no-ip.biz|wonderwoman|hugoboss2000.no-ip.biz
1583162255|2020-03-02 16:17:35|PING :hugoboss2000.no-ip.biz|hugoboss2000.no-ip.biz|
1583162255|2020-03-02 16:17:35|PONG :hugoboss2000.no-ip.biz|wonderwoman|hugoboss2000.no-ip.biz
1583162345|2020-03-02 16:19:05|PING :hugoboss2000.no-ip.biz|hugoboss2000.no-ip.biz|
1583162345|2020-03-02 16:19:05|PONG :hugoboss2000.no-ip.biz|wonderwoman|hugoboss2000.no-ip.biz
1583162435|2020-03-02 16:20:35|PING :hugoboss2000.no-ip.biz|hugoboss2000.no-ip.biz|
1583162435|2020-03-02 16:20:35|PONG :hugoboss2000.no-ip.biz|wonderwoman|hugoboss2000.no-ip.biz
1583162525|2020-03-02 16:22:05|PING :hugoboss2000.no-ip.biz|hugoboss2000.no-ip.biz|
1583162525|2020-03-02 16:22:05|PONG :hugoboss2000.no-ip.biz|wonderwoman|hugoboss2000.no-ip.biz
1583162615|2020-03-02 16:23:35|PING :hugoboss2000.no-ip.biz|hugoboss2000.no-ip.biz|
1583162615|2020-03-02 16:23:35|PONG :hugoboss2000.no-ip.biz|wonderwoman|hugoboss2000.no-ip.biz
1583162705|2020-03-02 16:25:05|PING :hugoboss2000.no-ip.biz|hugoboss2000.no-ip.biz|
1583162705|2020-03-02 16:25:05|PONG :hugoboss2000.no-ip.biz|wonderwoman|hugoboss2000.no-ip.biz
1583162795|2020-03-02 16:26:35|PING :hugoboss2000.no-ip.biz|hugoboss2000.no-ip.biz|
1583162795|2020-03-02 16:26:35|PONG :hugoboss2000.no-ip.biz|wonderwoman|hugoboss2000.no-ip.biz
1583162885|2020-03-02 16:28:05|PING :hugoboss2000.no-ip.biz|hugoboss2000.no-ip.biz|
1583162885|2020-03-02 16:28:05|PONG :hugoboss2000.no-ip.biz|wonderwoman|hugoboss2000.no-ip.biz
1583162975|2020-03-02 16:29:35|PING :hugoboss2000.no-ip.biz|hugoboss2000.no-ip.biz|
1583162975|2020-03-02 16:29:35|PONG :hugoboss2000.no-ip.biz|wonderwoman|hugoboss2000.no-ip.biz
1583163065|2020-03-02 16:31:05|PING :hugoboss2000.no-ip.biz|hugoboss2000.no-ip.biz|
1583163065|2020-03-02 16:31:05|PONG :hugoboss2000.no-ip.biz|wonderwoman|hugoboss2000.no-ip.biz
1583163155|2020-03-02 16:32:35|PING :hugoboss2000.no-ip.biz|hugoboss2000.no-ip.biz|
1583163155|2020-03-02 16:32:35|PONG :hugoboss2000.no-ip.biz|wonderwoman|hugoboss2000.no-ip.biz
1583163245|2020-03-02 16:34:05|PING :hugoboss2000.no-ip.biz|hugoboss2000.no-ip.biz|
1583163245|2020-03-02 16:34:05|PONG :hugoboss2000.no-ip.biz|wonderwoman|hugoboss2000.no-ip.biz
1583163335|2020-03-02 16:35:35|PING :hugoboss2000.no-ip.biz|hugoboss2000.no-ip.biz|
1583163335|2020-03-02 16:35:35|PONG :hugoboss2000.no-ip.biz|wonderwoman|hugoboss2000.no-ip.biz
1583163425|2020-03-02 16:37:05|PING :hugoboss2000.no-ip.biz|hugoboss2000.no-ip.biz|
1583163425|2020-03-02 16:37:05|PONG :hugoboss2000.no-ip.biz|wonderwoman|hugoboss2000.no-ip.biz
1583163515|2020-03-02 16:38:35|PING :hugoboss2000.no-ip.biz|hugoboss2000.no-ip.biz|
1583163515|2020-03-02 16:38:35|PONG :hugoboss2000.no-ip.biz|wonderwoman|hugoboss2000.no-ip.biz
1583163605|2020-03-02 16:40:05|PING :hugoboss2000.no-ip.biz|hugoboss2000.no-ip.biz|
1583163605|2020-03-02 16:40:05|PONG :hugoboss2000.no-ip.biz|wonderwoman|hugoboss2000.no-ip.biz
1583163695|2020-03-02 16:41:35|PING :hugoboss2000.no-ip.biz|hugoboss2000.no-ip.biz|
1583163695|2020-03-02 16:41:35|PONG :hugoboss2000.no-ip.biz|wonderwoman|hugoboss2000.no-ip.biz
1583163785|2020-03-02 16:43:05|PING :hugoboss2000.no-ip.biz|hugoboss2000.no-ip.biz|
1583163785|2020-03-02 16:43:05|PONG :hugoboss2000.no-ip.biz|wonderwoman|hugoboss2000.no-ip.biz
1583163875|2020-03-02 16:44:35|PING :hugoboss2000.no-ip.biz|hugoboss2000.no-ip.biz|
1583163875|2020-03-02 16:44:35|PONG :hugoboss2000.no-ip.biz|wonderwoman|hugoboss2000.no-ip.biz
1583163965|2020-03-02 16:46:05|PING :hugoboss2000.no-ip.biz|hugoboss2000.no-ip.biz|
1583163965|2020-03-02 16:46:05|PONG :hugoboss2000.no-ip.biz|wonderwoman|hugoboss2000.no-ip.biz
1583164055|2020-03-02 16:47:35|PING :hugoboss2000.no-ip.biz|hugoboss2000.no-ip.biz|
1583164055|2020-03-02 16:47:35|PONG :hugoboss2000.no-ip.biz|wonderwoman|hugoboss2000.no-ip.biz
1583164145|2020-03-02 16:49:05|PING :hugoboss2000.no-ip.biz|hugoboss2000.no-ip.biz|
1583164145|2020-03-02 16:49:05|PONG :hugoboss2000.no-ip.biz|wonderwoman|hugoboss2000.no-ip.biz
1583164235|2020-03-02 16:50:35|PING :hugoboss2000.no-ip.biz|hugoboss2000.no-ip.biz|
1583164235|2020-03-02 16:50:35|PONG :hugoboss2000.no-ip.biz|wonderwoman|hugoboss2000.no-ip.biz
1583164325|2020-03-02 16:52:05|PING :hugoboss2000.no-ip.biz|hugoboss2000.no-ip.biz|
1583164325|2020-03-02 16:52:05|PONG :hugoboss2000.no-ip.biz|wonderwoman|hugoboss2000.no-ip.biz
1583164415|2020-03-02 16:53:35|PING :hugoboss2000.no-ip.biz|hugoboss2000.no-ip.biz|
1583164415|2020-03-02 16:53:35|PONG :hugoboss2000.no-ip.biz|wonderwoman|hugoboss2000.no-ip.biz
1583164505|2020-03-02 16:55:05|PING :hugoboss2000.no-ip.biz|hugoboss2000.no-ip.biz|
1583164505|2020-03-02 16:55:05|PONG :hugoboss2000.no-ip.biz|wonderwoman|hugoboss2000.no-ip.biz
1583164595|2020-03-02 16:56:35|PING :hugoboss2000.no-ip.biz|hugoboss2000.no-ip.biz|
1583164595|2020-03-02 16:56:35|PONG :hugoboss2000.no-ip.biz|wonderwoman|hugoboss2000.no-ip.biz
1583164685|2020-03-02 16:58:05|PING :hugoboss2000.no-ip.biz|hugoboss2000.no-ip.biz|
1583164685|2020-03-02 16:58:05|PONG :hugoboss2000.no-ip.biz|wonderwoman|hugoboss2000.no-ip.biz
1583164775|2020-03-02 16:59:35|PING :hugoboss2000.no-ip.biz|hugoboss2000.no-ip.biz|
1583164775|2020-03-02 16:59:35|PONG :hugoboss2000.no-ip.biz|wonderwoman|hugoboss2000.no-ip.biz
1583164865|2020-03-02 17:01:05|PING :hugoboss2000.no-ip.biz|hugoboss2000.no-ip.biz|
1583164865|2020-03-02 17:01:05|PONG :hugoboss2000.no-ip.biz|wonderwoman|hugoboss2000.no-ip.biz
1583164955|2020-03-02 17:02:35|PING :hugoboss2000.no-ip.biz|hugoboss2000.no-ip.biz|
1583164955|2020-03-02 17:02:35|PONG :hugoboss2000.no-ip.biz|wonderwoman|hugoboss2000.no-ip.biz
1583165045|2020-03-02 17:04:05|PING :hugoboss2000.no-ip.biz|hugoboss2000.no-ip.biz|
1583165045|2020-03-02 17:04:05|PONG :hugoboss2000.no-ip.biz|wonderwoman|hugoboss2000.no-ip.biz
1583165135|2020-03-02 17:05:35|PING :hugoboss2000.no-ip.biz|hugoboss2000.no-ip.biz|
1583165135|2020-03-02 17:05:35|PONG :hugoboss2000.no-ip.biz|wonderwoman|hugoboss2000.no-ip.biz
1583165225|2020-03-02 17:07:05|PING :hugoboss2000.no-ip.biz|hugoboss2000.no-ip.biz|
1583165225|2020-03-02 17:07:05|PONG :hugoboss2000.no-ip.biz|wonderwoman|hugoboss2000.no-ip.biz
1583165315|2020-03-02 17:08:35|PING :hugoboss2000.no-ip.biz|hugoboss2000.no-ip.biz|
1583165315|2020-03-02 17:08:35|PONG :hugoboss2000.no-ip.biz|wonderwoman|hugoboss2000.no-ip.biz
1583165405|2020-03-02 17:10:05|PING :hugoboss2000.no-ip.biz|hugoboss2000.no-ip.biz|
1583165405|2020-03-02 17:10:05|PONG :hugoboss2000.no-ip.biz|wonderwoman|hugoboss2000.no-ip.biz
1583165495|2020-03-02 17:11:35|PING :hugoboss2000.no-ip.biz|hugoboss2000.no-ip.biz|
1583165495|2020-03-02 17:11:35|PONG :hugoboss2000.no-ip.biz|wonderwoman|hugoboss2000.no-ip.biz
1583165585|2020-03-02 17:13:05|PING :hugoboss2000.no-ip.biz|hugoboss2000.no-ip.biz|
1583165585|2020-03-02 17:13:05|PONG :hugoboss2000.no-ip.biz|wonderwoman|hugoboss2000.no-ip.biz
1583165675|2020-03-02 17:14:35|PING :hugoboss2000.no-ip.biz|hugoboss2000.no-ip.biz|
1583165675|2020-03-02 17:14:35|PONG :hugoboss2000.no-ip.biz|wonderwoman|hugoboss2000.no-ip.biz
1583165765|2020-03-02 17:16:05|PING :hugoboss2000.no-ip.biz|hugoboss2000.no-ip.biz|
1583165765|2020-03-02 17:16:05|PONG :hugoboss2000.no-ip.biz|wonderwoman|hugoboss2000.no-ip.biz
1583165855|2020-03-02 17:17:35|PING :hugoboss2000.no-ip.biz|hugoboss2000.no-ip.biz|
1583165855|2020-03-02 17:17:35|PONG :hugoboss2000.no-ip.biz|wonderwoman|hugoboss2000.no-ip.biz
1583165945|2020-03-02 17:19:05|PING :hugoboss2000.no-ip.biz|hugoboss2000.no-ip.biz|
1583165945|2020-03-02 17:19:05|PONG :hugoboss2000.no-ip.biz|wonderwoman|hugoboss2000.no-ip.biz
1583166035|2020-03-02 17:20:35|PING :hugoboss2000.no-ip.biz|hugoboss2000.no-ip.biz|
1583166035|2020-03-02 17:20:35|PONG :hugoboss2000.no-ip.biz|wonderwoman|hugoboss2000.no-ip.biz
1583166125|2020-03-02 17:22:05|PING :hugoboss2000.no-ip.biz|hugoboss2000.no-ip.biz|
1583166125|2020-03-02 17:22:05|PONG :hugoboss2000.no-ip.biz|wonderwoman|hugoboss2000.no-ip.biz
1583166215|2020-03-02 17:23:35|PING :hugoboss2000.no-ip.biz|hugoboss2000.no-ip.biz|
1583166215|2020-03-02 17:23:35|PONG :hugoboss2000.no-ip.biz|wonderwoman|hugoboss2000.no-ip.biz
1583166305|2020-03-02 17:25:05|PING :hugoboss2000.no-ip.biz|hugoboss2000.no-ip.biz|
1583166305|2020-03-02 17:25:05|PONG :hugoboss2000.no-ip.biz|wonderwoman|hugoboss2000.no-ip.biz
1583166395|2020-03-02 17:26:35|PING :hugoboss2000.no-ip.biz|hugoboss2000.no-ip.biz|
1583166395|2020-03-02 17:26:35|PONG :hugoboss2000.no-ip.biz|wonderwoman|hugoboss2000.no-ip.biz
1583166485|2020-03-02 17:28:05|PING :hugoboss2000.no-ip.biz|hugoboss2000.no-ip.biz|
1583166485|2020-03-02 17:28:05|PONG :hugoboss2000.no-ip.biz|wonderwoman|hugoboss2000.no-ip.biz
1583166575|2020-03-02 17:29:35|PING :hugoboss2000.no-ip.biz|hugoboss2000.no-ip.biz|
1583166575|2020-03-02 17:29:35|PONG :hugoboss2000.no-ip.biz|wonderwoman|hugoboss2000.no-ip.biz
1583166665|2020-03-02 17:31:05|PING :hugoboss2000.no-ip.biz|hugoboss2000.no-ip.biz|
1583166665|2020-03-02 17:31:05|PONG :hugoboss2000.no-ip.biz|wonderwoman|hugoboss2000.no-ip.biz
1583166755|2020-03-02 17:32:35|PING :hugoboss2000.no-ip.biz|hugoboss2000.no-ip.biz|
1583166755|2020-03-02 17:32:35|PONG :hugoboss2000.no-ip.biz|wonderwoman|hugoboss2000.no-ip.biz
1583166845|2020-03-02 17:34:05|PING :hugoboss2000.no-ip.biz|hugoboss2000.no-ip.biz|
1583166845|2020-03-02 17:34:05|PONG :hugoboss2000.no-ip.biz|wonderwoman|hugoboss2000.no-ip.biz
1583166935|2020-03-02 17:35:35|PING :hugoboss2000.no-ip.biz|hugoboss2000.no-ip.biz|
1583166935|2020-03-02 17:35:35|PONG :hugoboss2000.no-ip.biz|wonderwoman|hugoboss2000.no-ip.biz
1583167025|2020-03-02 17:37:05|PING :hugoboss2000.no-ip.biz|hugoboss2000.no-ip.biz|
1583167025|2020-03-02 17:37:05|PONG :hugoboss2000.no-ip.biz|wonderwoman|hugoboss2000.no-ip.biz
1583167115|2020-03-02 17:38:35|PING :hugoboss2000.no-ip.biz|hugoboss2000.no-ip.biz|
1583167115|2020-03-02 17:38:35|PONG :hugoboss2000.no-ip.biz|wonderwoman|hugoboss2000.no-ip.biz
1583167205|2020-03-02 17:40:05|PING :hugoboss2000.no-ip.biz|hugoboss2000.no-ip.biz|
1583167205|2020-03-02 17:40:05|PONG :hugoboss2000.no-ip.biz|wonderwoman|hugoboss2000.no-ip.biz
1583167295|2020-03-02 17:41:35|PING :hugoboss2000.no-ip.biz|hugoboss2000.no-ip.biz|
1583167295|2020-03-02 17:41:35|PONG :hugoboss2000.no-ip.biz|wonderwoman|hugoboss2000.no-ip.biz
1583167385|2020-03-02 17:43:05|PING :hugoboss2000.no-ip.biz|hugoboss2000.no-ip.biz|
1583167385|2020-03-02 17:43:05|PONG :hugoboss2000.no-ip.biz|wonderwoman|hugoboss2000.no-ip.biz
1583167475|2020-03-02 17:44:35|PING :hugoboss2000.no-ip.biz|hugoboss2000.no-ip.biz|
1583167475|2020-03-02 17:44:35|PONG :hugoboss2000.no-ip.biz|wonderwoman|hugoboss2000.no-ip.biz
1583167565|2020-03-02 17:46:05|PING :hugoboss2000.no-ip.biz|hugoboss2000.no-ip.biz|
1583167565|2020-03-02 17:46:05|PONG :hugoboss2000.no-ip.biz|wonderwoman|hugoboss2000.no-ip.biz
1583167655|2020-03-02 17:47:35|PING :hugoboss2000.no-ip.biz|hugoboss2000.no-ip.biz|
1583167655|2020-03-02 17:47:35|PONG :hugoboss2000.no-ip.biz|wonderwoman|hugoboss2000.no-ip.biz
1583167745|2020-03-02 17:49:05|PING :hugoboss2000.no-ip.biz|hugoboss2000.no-ip.biz|
1583167745|2020-03-02 17:49:05|PONG :hugoboss2000.no-ip.biz|wonderwoman|hugoboss2000.no-ip.biz
1583167835|2020-03-02 17:50:35|PING :hugoboss2000.no-ip.biz|hugoboss2000.no-ip.biz|
1583167835|2020-03-02 17:50:35|PONG :hugoboss2000.no-ip.biz|wonderwoman|hugoboss2000.no-ip.biz
1583167925|2020-03-02 17:52:05|PING :hugoboss2000.no-ip.biz|hugoboss2000.no-ip.biz|
1583167925|2020-03-02 17:52:05|PONG :hugoboss2000.no-ip.biz|wonderwoman|hugoboss2000.no-ip.biz
1583168015|2020-03-02 17:53:35|PING :hugoboss2000.no-ip.biz|hugoboss2000.no-ip.biz|
1583168015|2020-03-02 17:53:35|PONG :hugoboss2000.no-ip.biz|wonderwoman|hugoboss2000.no-ip.biz
1583168105|2020-03-02 17:55:05|PING :hugoboss2000.no-ip.biz|hugoboss2000.no-ip.biz|
1583168105|2020-03-02 17:55:05|PONG :hugoboss2000.no-ip.biz|wonderwoman|hugoboss2000.no-ip.biz
1583168195|2020-03-02 17:56:35|PING :hugoboss2000.no-ip.biz|hugoboss2000.no-ip.biz|
1583168195|2020-03-02 17:56:35|PONG :hugoboss2000.no-ip.biz|wonderwoman|hugoboss2000.no-ip.biz
1583168285|2020-03-02 17:58:05|PING :hugoboss2000.no-ip.biz|hugoboss2000.no-ip.biz|
1583168285|2020-03-02 17:58:05|PONG :hugoboss2000.no-ip.biz|wonderwoman|hugoboss2000.no-ip.biz
1583168362|2020-03-02 17:59:22|:mov!mov@Clk-E7933101.ewe-ip-backbone.de JOIN :#ot|mov|#ot
1583168362|2020-03-02 17:59:22|MODE #ot +o mov|wonderwoman|
1583168368|2020-03-02 17:59:28|PRIVMSG #ot :nothing from user anyone to user mov|wonderwoman|nothing from user anyone to user mov
1583168369|2020-03-02 17:59:29|:mov!mov@Clk-E7933101.ewe-ip-backbone.de PRIVMSG #ot :nabend|mov|nabend
1583168458|2020-03-02 18:00:58|PING :hugoboss2000.no-ip.biz|hugoboss2000.no-ip.biz|
1583168458|2020-03-02 18:00:58|PONG :hugoboss2000.no-ip.biz|wonderwoman|hugoboss2000.no-ip.biz
1583168548|2020-03-02 18:02:28|PING :hugoboss2000.no-ip.biz|hugoboss2000.no-ip.biz|
1583168548|2020-03-02 18:02:28|PONG :hugoboss2000.no-ip.biz|wonderwoman|hugoboss2000.no-ip.biz
1583168638|2020-03-02 18:03:58|PING :hugoboss2000.no-ip.biz|hugoboss2000.no-ip.biz|
1583168638|2020-03-02 18:03:58|PONG :hugoboss2000.no-ip.biz|wonderwoman|hugoboss2000.no-ip.biz
1583168652|2020-03-02 18:04:12|:trace!trace@808C1ED8.3DE4ED8E.3DD7867D.IP PRIVMSG #ot :nabend mov|trace|nabend mov
1583168728|2020-03-02 18:05:28|PING :hugoboss2000.no-ip.biz|hugoboss2000.no-ip.biz|
1583168728|2020-03-02 18:05:28|PONG :hugoboss2000.no-ip.biz|wonderwoman|hugoboss2000.no-ip.biz
1583168818|2020-03-02 18:06:58|PING :hugoboss2000.no-ip.biz|hugoboss2000.no-ip.biz|
1583168818|2020-03-02 18:06:58|PONG :hugoboss2000.no-ip.biz|wonderwoman|hugoboss2000.no-ip.biz
1583168823|2020-03-02 18:07:03|:mov!mov@Clk-E7933101.ewe-ip-backbone.de PRIVMSG #ot :was machste ?|mov|was machste ?
1583168908|2020-03-02 18:08:28|PING :hugoboss2000.no-ip.biz|hugoboss2000.no-ip.biz|
1583168908|2020-03-02 18:08:28|PONG :hugoboss2000.no-ip.biz|wonderwoman|hugoboss2000.no-ip.biz
1583168967|2020-03-02 18:09:27|:trace!trace@808C1ED8.3DE4ED8E.3DD7867D.IP PRIVMSG #ot :programmieren|trace|programmieren
1583168998|2020-03-02 18:09:58|PING :hugoboss2000.no-ip.biz|hugoboss2000.no-ip.biz|
1583168998|2020-03-02 18:09:58|PONG :hugoboss2000.no-ip.biz|wonderwoman|hugoboss2000.no-ip.biz
1583169023|2020-03-02 18:10:23|:alexhandy!AndChat624@Clk-CAEB9374.home JOIN :#ot|alexhandy|#ot
1583169028|2020-03-02 18:10:28|MODE #ot +o trace|wonderwoman|
1583169030|2020-03-02 18:10:30|PRIVMSG #ot :nothing from user anyone to user trace|wonderwoman|nothing from user anyone to user trace
1583169072|2020-03-02 18:11:12|:alexhandy!AndChat624@Clk-CAEB9374.home PRIVMSG #ot :an meinem Wrfel|alexhandy|an meinem Wrfel
1583169120|2020-03-02 18:12:00|PING :hugoboss2000.no-ip.biz|hugoboss2000.no-ip.biz|
1583169120|2020-03-02 18:12:00|PONG :hugoboss2000.no-ip.biz|wonderwoman|hugoboss2000.no-ip.biz
1583169210|2020-03-02 18:13:30|PING :hugoboss2000.no-ip.biz|hugoboss2000.no-ip.biz|
1583169210|2020-03-02 18:13:30|PONG :hugoboss2000.no-ip.biz|wonderwoman|hugoboss2000.no-ip.biz
1583169290|2020-03-02 18:14:50|:mov!mov@Clk-E7933101.ewe-ip-backbone.de PRIVMSG #ot :ok|mov|ok
1583169300|2020-03-02 18:15:00|PING :hugoboss2000.no-ip.biz|hugoboss2000.no-ip.biz|
1583169300|2020-03-02 18:15:00|PONG :hugoboss2000.no-ip.biz|wonderwoman|hugoboss2000.no-ip.biz
1583169371|2020-03-02 18:16:11|:alexhandy!AndChat624@Clk-CAEB9374.home PRIVMSG #ot :features + debugging|alexhandy|features + debugging
1583169390|2020-03-02 18:16:30|PING :hugoboss2000.no-ip.biz|hugoboss2000.no-ip.biz|
1583169390|2020-03-02 18:16:30|PONG :hugoboss2000.no-ip.biz|wonderwoman|hugoboss2000.no-ip.biz
1583169480|2020-03-02 18:18:00|PING :hugoboss2000.no-ip.biz|hugoboss2000.no-ip.biz|
1583169480|2020-03-02 18:18:00|PONG :hugoboss2000.no-ip.biz|wonderwoman|hugoboss2000.no-ip.biz
1583169570|2020-03-02 18:19:30|PING :hugoboss2000.no-ip.biz|hugoboss2000.no-ip.biz|
1583169570|2020-03-02 18:19:30|PONG :hugoboss2000.no-ip.biz|wonderwoman|hugoboss2000.no-ip.biz
1583169660|2020-03-02 18:21:00|PING :hugoboss2000.no-ip.biz|hugoboss2000.no-ip.biz|
1583169660|2020-03-02 18:21:00|PONG :hugoboss2000.no-ip.biz|wonderwoman|hugoboss2000.no-ip.biz
1583169750|2020-03-02 18:22:30|PING :hugoboss2000.no-ip.biz|hugoboss2000.no-ip.biz|
1583169750|2020-03-02 18:22:30|PONG :hugoboss2000.no-ip.biz|wonderwoman|hugoboss2000.no-ip.biz
1583169840|2020-03-02 18:24:00|PING :hugoboss2000.no-ip.biz|hugoboss2000.no-ip.biz|
1583169840|2020-03-02 18:24:00|PONG :hugoboss2000.no-ip.biz|wonderwoman|hugoboss2000.no-ip.biz
1583169930|2020-03-02 18:25:30|PING :hugoboss2000.no-ip.biz|hugoboss2000.no-ip.biz|
1583169930|2020-03-02 18:25:30|PONG :hugoboss2000.no-ip.biz|wonderwoman|hugoboss2000.no-ip.biz
1583170020|2020-03-02 18:27:00|PING :hugoboss2000.no-ip.biz|hugoboss2000.no-ip.biz|
1583170020|2020-03-02 18:27:00|PONG :hugoboss2000.no-ip.biz|wonderwoman|hugoboss2000.no-ip.biz
1583170087|2020-03-02 18:28:07|:alexhandy!AndChat624@Clk-CAEB9374.home PRIVMSG #ot :hat jetzt ein tray icon|alexhandy|hat jetzt ein tray icon
1583170110|2020-03-02 18:28:30|PING :hugoboss2000.no-ip.biz|hugoboss2000.no-ip.biz|
1583170110|2020-03-02 18:28:30|PONG :hugoboss2000.no-ip.biz|wonderwoman|hugoboss2000.no-ip.biz
1583170200|2020-03-02 18:30:00|PING :hugoboss2000.no-ip.biz|hugoboss2000.no-ip.biz|
1583170200|2020-03-02 18:30:00|PONG :hugoboss2000.no-ip.biz|wonderwoman|hugoboss2000.no-ip.biz
1583170290|2020-03-02 18:31:30|PING :hugoboss2000.no-ip.biz|hugoboss2000.no-ip.biz|
1583170290|2020-03-02 18:31:30|PONG :hugoboss2000.no-ip.biz|wonderwoman|hugoboss2000.no-ip.biz
1583170380|2020-03-02 18:33:00|PING :hugoboss2000.no-ip.biz|hugoboss2000.no-ip.biz|
1583170380|2020-03-02 18:33:00|PONG :hugoboss2000.no-ip.biz|wonderwoman|hugoboss2000.no-ip.biz
1583170456|2020-03-02 18:34:16|:mov!mov@Clk-E7933101.ewe-ip-backbone.de PRIVMSG #ot :kann man da draufklicken und der wrfelt dann ?|mov|kann man da draufklicken und der wrfelt dann ?
1583170470|2020-03-02 18:34:30|PING :hugoboss2000.no-ip.biz|hugoboss2000.no-ip.biz|
1583170470|2020-03-02 18:34:30|PONG :hugoboss2000.no-ip.biz|wonderwoman|hugoboss2000.no-ip.biz
1583170560|2020-03-02 18:36:00|PING :hugoboss2000.no-ip.biz|hugoboss2000.no-ip.biz|
1583170560|2020-03-02 18:36:00|PONG :hugoboss2000.no-ip.biz|wonderwoman|hugoboss2000.no-ip.biz
1583170650|2020-03-02 18:37:30|PING :hugoboss2000.no-ip.biz|hugoboss2000.no-ip.biz|
1583170650|2020-03-02 18:37:30|PONG :hugoboss2000.no-ip.biz|wonderwoman|hugoboss2000.no-ip.biz
1583170740|2020-03-02 18:39:00|PING :hugoboss2000.no-ip.biz|hugoboss2000.no-ip.biz|
1583170740|2020-03-02 18:39:00|PONG :hugoboss2000.no-ip.biz|wonderwoman|hugoboss2000.no-ip.biz
1583176846|2020-03-02 20:20:46|JOIN #ot|wonderwoman|
1583176848|2020-03-02 20:20:48|PING :ECD6BB7A|ECD6BB7A|
1583176848|2020-03-02 20:20:48|PONG :ECD6BB7A|wonderwoman|ECD6BB7A
1583176848|2020-03-02 20:20:48|JOIN #ot|wonderwoman|
1583176848|2020-03-02 20:20:48||nderwoman SAFELIST SILENCE=15 STATUSMSG=~&@%+ TARGMAX=DCCALLOW:,ISON:,JOIN:,KICK:4,KILL:,LIST:,NAMES:1,NOTICE:1,PART:,PRIVMSG:4,SAJOIN:,SAPART:,USERHOST:,USERIP:,WATCH:,WHOIS:1,WHOWAS:1 TOPICLEN=360 UHNAMES USERIP WALLCHOPS WATCH=128 WATCHOPTS=A :are supported by this server
:hugoboss2000.no-ip.biz 396 wonderwoman Clk-CAEB9374.home :is now your displayed host
:hugoboss2000.no-ip.biz 251 wonderwoman :There are 1 users and 3 invisible on 1 servers
:hugoboss2000.no-ip.biz 254 wonderwoman 1 :channels formed
:hugoboss2000.no-ip.biz 255 wonderwoman :I have 4 clients and 0 servers
:hugoboss2000.no-ip.biz 265 wonderwoman 4 5 :Current local users 4, max 5
:hugoboss2000.no-ip.biz 266 wonderwoman 4 4 :Current global users 4, max 4
:hugoboss2000.no-ip.biz 375 wonderwoman :- hugoboss2000.no-ip.biz Message of the Day - 
:hugoboss2000.no-ip.biz 372 wonderwoman :- 9/2/2020 17:20
:hugoboss2000.no-ip.biz 372 wonderwoman :- #################################################################
:hugoboss2000.no-ip.biz 372||,ISON||,JOIN:,KICK:4,KILL:,LIST:,NAMES:1,NOTICE:1,PART:,PRIVMSG:4,SAJOIN:,SAPART:,USERHOST:,USERIP:,WATCH:,WHOIS:1,WHOWAS:1 TOPICLEN=360 UHNAMES USERIP WALLCHOPS WATCH=128 WATCHOPTS=A :are supported by this server
:hugoboss2000.no-ip.biz 396 wonderwoman Clk-CAEB9374.home :is now your displayed host
:hugoboss2000.no-ip.biz 251 wonderwoman :There are 1 users and 3 invisible on 1 servers
:hugoboss2000.no-ip.biz 254 wonderwoman 1 :channels formed
:hugoboss2000.no-ip.biz 255 wonderwoman :I have 4 clients and 0 servers
:hugoboss2000.no-ip.biz 265 wonderwoman 4 5 :Current local users 4, max 5
:hugoboss2000.no-ip.biz 266 wonderwoman 4 4 :Current global users 4, max 4
:hugoboss2000.no-ip.biz 375 wonderwoman :- hugoboss2000.no-ip.biz Message of the Day - 
:hugoboss2000.no-ip.biz 372 wonderwoman :- 9/2/2020 17:20
:hugoboss2000.no-ip.biz 372 wonderwoman :- #################################################################
:hugoboss2000.no-ip.biz 372|
1583176848|2020-03-02 20:20:48||onderwoman :- #       #####   ######  #   #  #####  #####  #####  #   #       #
:hugoboss2000.no-ip.biz 372 wonderwoman :- #       #   ##  #       #   #  #      #      #   #  #   #       #
:hugoboss2000.no-ip.biz 372 wonderwoman :- #       #    #  ###      # #   #####  ###    #####   # #        #
:hugoboss2000.no-ip.biz 372 wonderwoman :- #       #   ##  #        # #       #  #      # #     # #        #
:hugoboss2000.no-ip.biz 372 wonderwoman :- #       #####   ######    #    #####  #####  #  #     #         #
:hugoboss2000.no-ip.biz 372 wonderwoman :- #################################################################
:hugoboss2000.no-ip.biz 376 wonderwoman :End of /MOTD command.
:wonderwoman MODE wonderwoman :+iwx
:wonderwoman!wonderwoma@Clk-CAEB9374.home JOIN :#ot||- #       #####   ######  #   #  #####  #####  #####  #   #       #||hugoboss2000.no-ip.biz 372 wonderwoman :- #       #   ##  #       #   #  #      #      #   #  #   #       #
:hugoboss2000.no-ip.biz 372 wonderwoman :- #       #    #  ###      # #   #####  ###    #####   # #        #
:hugoboss2000.no-ip.biz 372 wonderwoman :- #       #   ##  #        # #       #  #      # #     # #        #
:hugoboss2000.no-ip.biz 372 wonderwoman :- #       #####   ######    #    #####  #####  #  #     #         #
:hugoboss2000.no-ip.biz 372 wonderwoman :- #################################################################
:hugoboss2000.no-ip.biz 376 wonderwoman :End of /MOTD command.
:wonderwoman MODE wonderwoman :+iwx
:wonderwoman!wonderwoma@Clk-CAEB9374.home JOIN :#ot|
1583176856|2020-03-02 20:20:56|PRIVMSG #ot :nothing from user anyone to user - #       #####   ######  #   #  #####  #####  #####  #   #       #|wonderwoman|nothing from user anyone to user - #       #####   ######  #   #  #####  #####  #####  #   #       #
1583176856|2020-03-02 20:20:56||:hugoboss2000.no-ip.biz 353 wonderwoman = #ot :wonderwoman trace alexhandy mov 
:hugoboss2000.no-ip.biz 366 wonderwoman #ot :End of /NAMES list.
:hugoboss2000.no-ip.biz 421 wonderwoman . :Unknown command||hugoboss2000.no-ip.biz 353 wonderwoman = #ot||wonderwoman trace alexhandy mov 
:hugoboss2000.no-ip.biz 366 wonderwoman #ot :End of /NAMES list.
:hugoboss2000.no-ip.biz 421 wonderwoman . :Unknown command|
1583176902|2020-03-02 20:21:42|:mov!mov@Clk-E7933101.ewe-ip-backbone.de PRIVMSG #ot :?|mov|?
1583176904|2020-03-02 20:21:44|:mov!mov@Clk-E7933101.ewe-ip-backbone.de PRIVMSG #ot :was das|mov|was das
1583176910|2020-03-02 20:21:50|:mov!mov@Clk-E7933101.ewe-ip-backbone.de PRIVMSG #ot :bot im arsch|mov|bot im arsch
1583176910|2020-03-02 20:21:50|PRIVMSG #ot :Jawohl der Herr, wie kann ich Ihnen behilflich sein?|wonderwoman|Jawohl der Herr, wie kann ich Ihnen behilflich sein?
1583177000|2020-03-02 20:23:20|PING :hugoboss2000.no-ip.biz|hugoboss2000.no-ip.biz|
1583177000|2020-03-02 20:23:20|PONG :hugoboss2000.no-ip.biz|wonderwoman|hugoboss2000.no-ip.biz
1583177090|2020-03-02 20:24:50|PING :hugoboss2000.no-ip.biz|hugoboss2000.no-ip.biz|
1583177090|2020-03-02 20:24:50|PONG :hugoboss2000.no-ip.biz|wonderwoman|hugoboss2000.no-ip.biz
1583177137|2020-03-02 20:25:37|:trace!trace@808C1ED8.3DE4ED8E.3DD7867D.IP PRIVMSG #ot :nee wegen standby|trace|nee wegen standby
1583177146|2020-03-02 20:25:46|:trace!trace@808C1ED8.3DE4ED8E.3DD7867D.IP PRIVMSG #ot :achso|trace|achso
1583177146|2020-03-02 20:25:46|:trace!trace@808C1ED8.3DE4ED8E.3DD7867D.IP PRIVMSG #ot :das|trace|das
1583177148|2020-03-02 20:25:48|:trace!trace@808C1ED8.3DE4ED8E.3DD7867D.IP PRIVMSG #ot :kA|trace|kA
1583177155|2020-03-02 20:25:55|:mov!mov@Clk-E7933101.ewe-ip-backbone.de PRIVMSG #ot :egal hab schon was|mov|egal hab schon was
1583177180|2020-03-02 20:26:20|PING :hugoboss2000.no-ip.biz|hugoboss2000.no-ip.biz|
1583177180|2020-03-02 20:26:20|PONG :hugoboss2000.no-ip.biz|wonderwoman|hugoboss2000.no-ip.biz
1583177270|2020-03-02 20:27:50|PING :hugoboss2000.no-ip.biz|hugoboss2000.no-ip.biz|
1583177270|2020-03-02 20:27:50|PONG :hugoboss2000.no-ip.biz|wonderwoman|hugoboss2000.no-ip.biz
1583177360|2020-03-02 20:29:20|PING :hugoboss2000.no-ip.biz|hugoboss2000.no-ip.biz|
1583177360|2020-03-02 20:29:20|PONG :hugoboss2000.no-ip.biz|wonderwoman|hugoboss2000.no-ip.biz
1583177450|2020-03-02 20:30:50|PING :hugoboss2000.no-ip.biz|hugoboss2000.no-ip.biz|
1583177450|2020-03-02 20:30:50|PONG :hugoboss2000.no-ip.biz|wonderwoman|hugoboss2000.no-ip.biz
1583177540|2020-03-02 20:32:20|PING :hugoboss2000.no-ip.biz|hugoboss2000.no-ip.biz|
1583177540|2020-03-02 20:32:20|PONG :hugoboss2000.no-ip.biz|wonderwoman|hugoboss2000.no-ip.biz
1583177630|2020-03-02 20:33:50|PING :hugoboss2000.no-ip.biz|hugoboss2000.no-ip.biz|
1583177630|2020-03-02 20:33:50|PONG :hugoboss2000.no-ip.biz|wonderwoman|hugoboss2000.no-ip.biz
1583177720|2020-03-02 20:35:20|PING :hugoboss2000.no-ip.biz|hugoboss2000.no-ip.biz|
1583177720|2020-03-02 20:35:20|PONG :hugoboss2000.no-ip.biz|wonderwoman|hugoboss2000.no-ip.biz
1583177810|2020-03-02 20:36:50|PING :hugoboss2000.no-ip.biz|hugoboss2000.no-ip.biz|
1583177810|2020-03-02 20:36:50|PONG :hugoboss2000.no-ip.biz|wonderwoman|hugoboss2000.no-ip.biz
1583177900|2020-03-02 20:38:20|PING :hugoboss2000.no-ip.biz|hugoboss2000.no-ip.biz|
1583177900|2020-03-02 20:38:20|PONG :hugoboss2000.no-ip.biz|wonderwoman|hugoboss2000.no-ip.biz
1583177990|2020-03-02 20:39:50|PING :hugoboss2000.no-ip.biz|hugoboss2000.no-ip.biz|
1583177990|2020-03-02 20:39:50|PONG :hugoboss2000.no-ip.biz|wonderwoman|hugoboss2000.no-ip.biz
1583178080|2020-03-02 20:41:20|PING :hugoboss2000.no-ip.biz|hugoboss2000.no-ip.biz|
1583178080|2020-03-02 20:41:20|PONG :hugoboss2000.no-ip.biz|wonderwoman|hugoboss2000.no-ip.biz
1583178170|2020-03-02 20:42:50|PING :hugoboss2000.no-ip.biz|hugoboss2000.no-ip.biz|
1583178170|2020-03-02 20:42:50|PONG :hugoboss2000.no-ip.biz|wonderwoman|hugoboss2000.no-ip.biz
1583178214|2020-03-02 20:43:34|:trace!trace@808C1ED8.3DE4ED8E.3DD7867D.IP PRIVMSG #ot :du hast schon was?|trace|du hast schon was?
1583178236|2020-03-02 20:43:56|:mov!mov@Clk-E7933101.ewe-ip-backbone.de PRIVMSG #ot :JA|mov|JA
1583178260|2020-03-02 20:44:20|PING :hugoboss2000.no-ip.biz|hugoboss2000.no-ip.biz|
1583178260|2020-03-02 20:44:20|PONG :hugoboss2000.no-ip.biz|wonderwoman|hugoboss2000.no-ip.biz
1583178350|2020-03-02 20:45:50|PING :hugoboss2000.no-ip.biz|hugoboss2000.no-ip.biz|
1583178350|2020-03-02 20:45:50|PONG :hugoboss2000.no-ip.biz|wonderwoman|hugoboss2000.no-ip.biz
1583178440|2020-03-02 20:47:20|PING :hugoboss2000.no-ip.biz|hugoboss2000.no-ip.biz|
1583178440|2020-03-02 20:47:20|PONG :hugoboss2000.no-ip.biz|wonderwoman|hugoboss2000.no-ip.biz
1583178530|2020-03-02 20:48:50|PING :hugoboss2000.no-ip.biz|hugoboss2000.no-ip.biz|
1583178530|2020-03-02 20:48:50|PONG :hugoboss2000.no-ip.biz|wonderwoman|hugoboss2000.no-ip.biz
1583178620|2020-03-02 20:50:20|PING :hugoboss2000.no-ip.biz|hugoboss2000.no-ip.biz|
1583178620|2020-03-02 20:50:20|PONG :hugoboss2000.no-ip.biz|wonderwoman|hugoboss2000.no-ip.biz
1583178710|2020-03-02 20:51:50|PING :hugoboss2000.no-ip.biz|hugoboss2000.no-ip.biz|
1583178710|2020-03-02 20:51:50|PONG :hugoboss2000.no-ip.biz|wonderwoman|hugoboss2000.no-ip.biz
1583178800|2020-03-02 20:53:20|PING :hugoboss2000.no-ip.biz|hugoboss2000.no-ip.biz|
1583178800|2020-03-02 20:53:20|PONG :hugoboss2000.no-ip.biz|wonderwoman|hugoboss2000.no-ip.biz
1583178853|2020-03-02 20:54:13|:trace!trace@808C1ED8.3DE4ED8E.3DD7867D.IP PRIVMSG #ot :von was hast du was und weswegen und worum geht es|trace|von was hast du was und weswegen und worum geht es
1583178883|2020-03-02 20:54:43|:mov!mov@Clk-E7933101.ewe-ip-backbone.de PRIVMSG #ot :sag mal nen guten mp4 nach mp3 converter unter linux|mov|sag mal nen guten mp4 nach mp3 converter unter linux
1583178890|2020-03-02 20:54:50|PING :hugoboss2000.no-ip.biz|hugoboss2000.no-ip.biz|
1583178890|2020-03-02 20:54:50|PONG :hugoboss2000.no-ip.biz|wonderwoman|hugoboss2000.no-ip.biz
1583178903|2020-03-02 20:55:03|:mov!mov@Clk-E7933101.ewe-ip-backbone.de PRIVMSG #ot :das meinte ich|mov|das meinte ich
1583178980|2020-03-02 20:56:20|PING :hugoboss2000.no-ip.biz|hugoboss2000.no-ip.biz|
1583178980|2020-03-02 20:56:20|PONG :hugoboss2000.no-ip.biz|wonderwoman|hugoboss2000.no-ip.biz
1583179070|2020-03-02 20:57:50|PING :hugoboss2000.no-ip.biz|hugoboss2000.no-ip.biz|
1583179070|2020-03-02 20:57:50|PONG :hugoboss2000.no-ip.biz|wonderwoman|hugoboss2000.no-ip.biz
1583179160|2020-03-02 20:59:20|PING :hugoboss2000.no-ip.biz|hugoboss2000.no-ip.biz|
1583179160|2020-03-02 20:59:20|PONG :hugoboss2000.no-ip.biz|wonderwoman|hugoboss2000.no-ip.biz
1583179250|2020-03-02 21:00:50|PING :hugoboss2000.no-ip.biz|hugoboss2000.no-ip.biz|
1583179250|2020-03-02 21:00:50|PONG :hugoboss2000.no-ip.biz|wonderwoman|hugoboss2000.no-ip.biz
1583179340|2020-03-02 21:02:20|PING :hugoboss2000.no-ip.biz|hugoboss2000.no-ip.biz|
1583179340|2020-03-02 21:02:20|PONG :hugoboss2000.no-ip.biz|wonderwoman|hugoboss2000.no-ip.biz
1583179430|2020-03-02 21:03:50|PING :hugoboss2000.no-ip.biz|hugoboss2000.no-ip.biz|
1583179430|2020-03-02 21:03:50|PONG :hugoboss2000.no-ip.biz|wonderwoman|hugoboss2000.no-ip.biz
1583179520|2020-03-02 21:05:20|PING :hugoboss2000.no-ip.biz|hugoboss2000.no-ip.biz|
1583179520|2020-03-02 21:05:20|PONG :hugoboss2000.no-ip.biz|wonderwoman|hugoboss2000.no-ip.biz
1583179610|2020-03-02 21:06:50|PING :hugoboss2000.no-ip.biz|hugoboss2000.no-ip.biz|
1583179610|2020-03-02 21:06:50|PONG :hugoboss2000.no-ip.biz|wonderwoman|hugoboss2000.no-ip.biz
1583179700|2020-03-02 21:08:20|PING :hugoboss2000.no-ip.biz|hugoboss2000.no-ip.biz|
1583179700|2020-03-02 21:08:20|PONG :hugoboss2000.no-ip.biz|wonderwoman|hugoboss2000.no-ip.biz
1583179790|2020-03-02 21:09:50|PING :hugoboss2000.no-ip.biz|hugoboss2000.no-ip.biz|
1583179790|2020-03-02 21:09:50|PONG :hugoboss2000.no-ip.biz|wonderwoman|hugoboss2000.no-ip.biz
1583179863|2020-03-02 21:11:03|:trace!trace@808C1ED8.3DE4ED8E.3DD7867D.IP PRIVMSG #ot :ah|trace|ah
1583179864|2020-03-02 21:11:04|:trace!trace@808C1ED8.3DE4ED8E.3DD7867D.IP PRIVMSG #ot :kA|trace|kA
1583179880|2020-03-02 21:11:20|PING :hugoboss2000.no-ip.biz|hugoboss2000.no-ip.biz|
1583179880|2020-03-02 21:11:20|PONG :hugoboss2000.no-ip.biz|wonderwoman|hugoboss2000.no-ip.biz
1583179970|2020-03-02 21:12:50|PING :hugoboss2000.no-ip.biz|hugoboss2000.no-ip.biz|
1583179970|2020-03-02 21:12:50|PONG :hugoboss2000.no-ip.biz|wonderwoman|hugoboss2000.no-ip.biz
1583180060|2020-03-02 21:14:20|PING :hugoboss2000.no-ip.biz|hugoboss2000.no-ip.biz|
1583180060|2020-03-02 21:14:20|PONG :hugoboss2000.no-ip.biz|wonderwoman|hugoboss2000.no-ip.biz
1583180150|2020-03-02 21:15:50|PING :hugoboss2000.no-ip.biz|hugoboss2000.no-ip.biz|
1583180150|2020-03-02 21:15:50|PONG :hugoboss2000.no-ip.biz|wonderwoman|hugoboss2000.no-ip.biz
1583180240|2020-03-02 21:17:20|PING :hugoboss2000.no-ip.biz|hugoboss2000.no-ip.biz|
1583180240|2020-03-02 21:17:20|PONG :hugoboss2000.no-ip.biz|wonderwoman|hugoboss2000.no-ip.biz
1583180330|2020-03-02 21:18:50|PING :hugoboss2000.no-ip.biz|hugoboss2000.no-ip.biz|
1583180330|2020-03-02 21:18:50|PONG :hugoboss2000.no-ip.biz|wonderwoman|hugoboss2000.no-ip.biz
1583180420|2020-03-02 21:20:20|PING :hugoboss2000.no-ip.biz|hugoboss2000.no-ip.biz|
1583180420|2020-03-02 21:20:20|PONG :hugoboss2000.no-ip.biz|wonderwoman|hugoboss2000.no-ip.biz
1583180510|2020-03-02 21:21:50|PING :hugoboss2000.no-ip.biz|hugoboss2000.no-ip.biz|
1583180510|2020-03-02 21:21:50|PONG :hugoboss2000.no-ip.biz|wonderwoman|hugoboss2000.no-ip.biz
1583180600|2020-03-02 21:23:20|PING :hugoboss2000.no-ip.biz|hugoboss2000.no-ip.biz|
1583180600|2020-03-02 21:23:20|PONG :hugoboss2000.no-ip.biz|wonderwoman|hugoboss2000.no-ip.biz
1583180690|2020-03-02 21:24:50|PING :hugoboss2000.no-ip.biz|hugoboss2000.no-ip.biz|
1583180690|2020-03-02 21:24:50|PONG :hugoboss2000.no-ip.biz|wonderwoman|hugoboss2000.no-ip.biz
1583180780|2020-03-02 21:26:20|PING :hugoboss2000.no-ip.biz|hugoboss2000.no-ip.biz|
1583180780|2020-03-02 21:26:20|PONG :hugoboss2000.no-ip.biz|wonderwoman|hugoboss2000.no-ip.biz
1583180870|2020-03-02 21:27:50|PING :hugoboss2000.no-ip.biz|hugoboss2000.no-ip.biz|
1583180870|2020-03-02 21:27:50|PONG :hugoboss2000.no-ip.biz|wonderwoman|hugoboss2000.no-ip.biz
1583180960|2020-03-02 21:29:20|PING :hugoboss2000.no-ip.biz|hugoboss2000.no-ip.biz|
1583180960|2020-03-02 21:29:20|PONG :hugoboss2000.no-ip.biz|wonderwoman|hugoboss2000.no-ip.biz
1583181050|2020-03-02 21:30:50|PING :hugoboss2000.no-ip.biz|hugoboss2000.no-ip.biz|
1583181050|2020-03-02 21:30:50|PONG :hugoboss2000.no-ip.biz|wonderwoman|hugoboss2000.no-ip.biz
1583181140|2020-03-02 21:32:20|PING :hugoboss2000.no-ip.biz|hugoboss2000.no-ip.biz|
1583181140|2020-03-02 21:32:20|PONG :hugoboss2000.no-ip.biz|wonderwoman|hugoboss2000.no-ip.biz
1583181230|2020-03-02 21:33:50|PING :hugoboss2000.no-ip.biz|hugoboss2000.no-ip.biz|
1583181230|2020-03-02 21:33:50|PONG :hugoboss2000.no-ip.biz|wonderwoman|hugoboss2000.no-ip.biz
1583181320|2020-03-02 21:35:20|PING :hugoboss2000.no-ip.biz|hugoboss2000.no-ip.biz|
1583181320|2020-03-02 21:35:20|PONG :hugoboss2000.no-ip.biz|wonderwoman|hugoboss2000.no-ip.biz
1583181410|2020-03-02 21:36:50|PING :hugoboss2000.no-ip.biz|hugoboss2000.no-ip.biz|
1583181410|2020-03-02 21:36:50|PONG :hugoboss2000.no-ip.biz|wonderwoman|hugoboss2000.no-ip.biz
1583181500|2020-03-02 21:38:20|PING :hugoboss2000.no-ip.biz|hugoboss2000.no-ip.biz|
1583181500|2020-03-02 21:38:20|PONG :hugoboss2000.no-ip.biz|wonderwoman|hugoboss2000.no-ip.biz
1583181590|2020-03-02 21:39:50|PING :hugoboss2000.no-ip.biz|hugoboss2000.no-ip.biz|
1583181590|2020-03-02 21:39:50|PONG :hugoboss2000.no-ip.biz|wonderwoman|hugoboss2000.no-ip.biz
1583181680|2020-03-02 21:41:20|PING :hugoboss2000.no-ip.biz|hugoboss2000.no-ip.biz|
1583181680|2020-03-02 21:41:20|PONG :hugoboss2000.no-ip.biz|wonderwoman|hugoboss2000.no-ip.biz
1583181770|2020-03-02 21:42:50|PING :hugoboss2000.no-ip.biz|hugoboss2000.no-ip.biz|
1583181770|2020-03-02 21:42:50|PONG :hugoboss2000.no-ip.biz|wonderwoman|hugoboss2000.no-ip.biz
1583181860|2020-03-02 21:44:20|PING :hugoboss2000.no-ip.biz|hugoboss2000.no-ip.biz|
1583181860|2020-03-02 21:44:20|PONG :hugoboss2000.no-ip.biz|wonderwoman|hugoboss2000.no-ip.biz
1583181950|2020-03-02 21:45:50|PING :hugoboss2000.no-ip.biz|hugoboss2000.no-ip.biz|
1583181950|2020-03-02 21:45:50|PONG :hugoboss2000.no-ip.biz|wonderwoman|hugoboss2000.no-ip.biz
1583182040|2020-03-02 21:47:20|PING :hugoboss2000.no-ip.biz|hugoboss2000.no-ip.biz|
1583182040|2020-03-02 21:47:20|PONG :hugoboss2000.no-ip.biz|wonderwoman|hugoboss2000.no-ip.biz
1583182130|2020-03-02 21:48:50|PING :hugoboss2000.no-ip.biz|hugoboss2000.no-ip.biz|
1583182130|2020-03-02 21:48:50|PONG :hugoboss2000.no-ip.biz|wonderwoman|hugoboss2000.no-ip.biz
1583182220|2020-03-02 21:50:20|PING :hugoboss2000.no-ip.biz|hugoboss2000.no-ip.biz|
1583182220|2020-03-02 21:50:20|PONG :hugoboss2000.no-ip.biz|wonderwoman|hugoboss2000.no-ip.biz
1583182310|2020-03-02 21:51:50|PING :hugoboss2000.no-ip.biz|hugoboss2000.no-ip.biz|
1583182310|2020-03-02 21:51:50|PONG :hugoboss2000.no-ip.biz|wonderwoman|hugoboss2000.no-ip.biz
1583182400|2020-03-02 21:53:20|PING :hugoboss2000.no-ip.biz|hugoboss2000.no-ip.biz|
1583182400|2020-03-02 21:53:20|PONG :hugoboss2000.no-ip.biz|wonderwoman|hugoboss2000.no-ip.biz
1583182490|2020-03-02 21:54:50|PING :hugoboss2000.no-ip.biz|hugoboss2000.no-ip.biz|
1583182490|2020-03-02 21:54:50|PONG :hugoboss2000.no-ip.biz|wonderwoman|hugoboss2000.no-ip.biz
1583182580|2020-03-02 21:56:20|PING :hugoboss2000.no-ip.biz|hugoboss2000.no-ip.biz|
1583182580|2020-03-02 21:56:20|PONG :hugoboss2000.no-ip.biz|wonderwoman|hugoboss2000.no-ip.biz
1583182647|2020-03-02 21:57:27|:alexhandy!AndChat624@Clk-CAEB9374.home QUIT :Read error|alexhandy|Read error
1583182654|2020-03-02 21:57:34|:alexhandy!AndChat624@Clk-CAEB9374.home JOIN :#ot|alexhandy|#ot
1583182658|2020-03-02 21:57:38|MODE #ot +o trace|wonderwoman|
1583182665|2020-03-02 21:57:45|PRIVMSG #ot :nothing from user anyone to user trace|wonderwoman|nothing from user anyone to user trace
1583182755|2020-03-02 21:59:15|PING :hugoboss2000.no-ip.biz|hugoboss2000.no-ip.biz|
1583182755|2020-03-02 21:59:15|PONG :hugoboss2000.no-ip.biz|wonderwoman|hugoboss2000.no-ip.biz
1583182845|2020-03-02 22:00:45|PING :hugoboss2000.no-ip.biz|hugoboss2000.no-ip.biz|
1583182845|2020-03-02 22:00:45|PONG :hugoboss2000.no-ip.biz|wonderwoman|hugoboss2000.no-ip.biz
1583182935|2020-03-02 22:02:15|PING :hugoboss2000.no-ip.biz|hugoboss2000.no-ip.biz|
1583182935|2020-03-02 22:02:15|PONG :hugoboss2000.no-ip.biz|wonderwoman|hugoboss2000.no-ip.biz
1583183025|2020-03-02 22:03:45|PING :hugoboss2000.no-ip.biz|hugoboss2000.no-ip.biz|
1583183025|2020-03-02 22:03:45|PONG :hugoboss2000.no-ip.biz|wonderwoman|hugoboss2000.no-ip.biz
1583183115|2020-03-02 22:05:15|PING :hugoboss2000.no-ip.biz|hugoboss2000.no-ip.biz|
1583183115|2020-03-02 22:05:15|PONG :hugoboss2000.no-ip.biz|wonderwoman|hugoboss2000.no-ip.biz
1583183205|2020-03-02 22:06:45|PING :hugoboss2000.no-ip.biz|hugoboss2000.no-ip.biz|
1583183205|2020-03-02 22:06:45|PONG :hugoboss2000.no-ip.biz|wonderwoman|hugoboss2000.no-ip.biz
1583183295|2020-03-02 22:08:15|PING :hugoboss2000.no-ip.biz|hugoboss2000.no-ip.biz|
1583183295|2020-03-02 22:08:15|PONG :hugoboss2000.no-ip.biz|wonderwoman|hugoboss2000.no-ip.biz
1583183385|2020-03-02 22:09:45|PING :hugoboss2000.no-ip.biz|hugoboss2000.no-ip.biz|
1583183385|2020-03-02 22:09:45|PONG :hugoboss2000.no-ip.biz|wonderwoman|hugoboss2000.no-ip.biz
1583183475|2020-03-02 22:11:15|PING :hugoboss2000.no-ip.biz|hugoboss2000.no-ip.biz|
1583183475|2020-03-02 22:11:15|PONG :hugoboss2000.no-ip.biz|wonderwoman|hugoboss2000.no-ip.biz
1583183565|2020-03-02 22:12:45|PING :hugoboss2000.no-ip.biz|hugoboss2000.no-ip.biz|
1583183565|2020-03-02 22:12:45|PONG :hugoboss2000.no-ip.biz|wonderwoman|hugoboss2000.no-ip.biz
1583183655|2020-03-02 22:14:15|PING :hugoboss2000.no-ip.biz|hugoboss2000.no-ip.biz|
1583183655|2020-03-02 22:14:15|PONG :hugoboss2000.no-ip.biz|wonderwoman|hugoboss2000.no-ip.biz
1583183745|2020-03-02 22:15:45|PING :hugoboss2000.no-ip.biz|hugoboss2000.no-ip.biz|
1583183745|2020-03-02 22:15:45|PONG :hugoboss2000.no-ip.biz|wonderwoman|hugoboss2000.no-ip.biz
1583183835|2020-03-02 22:17:15|PING :hugoboss2000.no-ip.biz|hugoboss2000.no-ip.biz|
1583183835|2020-03-02 22:17:15|PONG :hugoboss2000.no-ip.biz|wonderwoman|hugoboss2000.no-ip.biz
1583183925|2020-03-02 22:18:45|PING :hugoboss2000.no-ip.biz|hugoboss2000.no-ip.biz|
1583183925|2020-03-02 22:18:45|PONG :hugoboss2000.no-ip.biz|wonderwoman|hugoboss2000.no-ip.biz
1583184015|2020-03-02 22:20:15|PING :hugoboss2000.no-ip.biz|hugoboss2000.no-ip.biz|
1583184015|2020-03-02 22:20:15|PONG :hugoboss2000.no-ip.biz|wonderwoman|hugoboss2000.no-ip.biz
1583184105|2020-03-02 22:21:45|PING :hugoboss2000.no-ip.biz|hugoboss2000.no-ip.biz|
1583184105|2020-03-02 22:21:45|PONG :hugoboss2000.no-ip.biz|wonderwoman|hugoboss2000.no-ip.biz
1583184195|2020-03-02 22:23:15|PING :hugoboss2000.no-ip.biz|hugoboss2000.no-ip.biz|
1583184195|2020-03-02 22:23:15|PONG :hugoboss2000.no-ip.biz|wonderwoman|hugoboss2000.no-ip.biz
1583184285|2020-03-02 22:24:45|PING :hugoboss2000.no-ip.biz|hugoboss2000.no-ip.biz|
1583184285|2020-03-02 22:24:45|PONG :hugoboss2000.no-ip.biz|wonderwoman|hugoboss2000.no-ip.biz
1583184375|2020-03-02 22:26:15|PING :hugoboss2000.no-ip.biz|hugoboss2000.no-ip.biz|
1583184375|2020-03-02 22:26:15|PONG :hugoboss2000.no-ip.biz|wonderwoman|hugoboss2000.no-ip.biz
